N,P,K,temperature,humidity,ph,rainfall,label
75,61,41,23.928,80.2087,5.6416,173.3265,rice
73,50,34,21.7728,81.9427,6.069,268.2478,rice
60,58,44,25.656,81.2936,5.6854,248.94,rice
82,50,37,26.7293,83.5746,6.7614,274.8318,rice
93,46,40,24.1764,80.4975,6.6409,180.6598,rice
65,43,37,25.2879,84.7258,6.8272,239.7669,rice
82,46,34,20.0077,79.3679,6.529,213.5184,rice
65,58,45,24.0828,84.0296,6.6663,193.2051,rice
93,56,35,22.5641,81.144,5.9736,193.0924,rice
68,42,36,24.2496,81.3447,5.6915,214.4108,rice
68,55,42,24.8629,83.1768,6.2671,193.1773,rice
64,54,36,26.6708,81.9947,5.8509,193.4053,rice
65,60,44,24.8554,81.87,5.9021,265.1019,rice
71,54,41,22.1551,82.9787,6.3855,269.3355,rice
95,45,42,24.9066,84.016,6.2402,242.8388,rice
99,60,41,22.1477,82.3108,6.6883,215.63,rice
82,63,38,23.3264,84.6913,6.6369,256.7914,rice
81,53,41,24.6711,84.0608,7.0665,207.8431,rice
74,50,36,19.626,86.502,6.2246,200.7938,rice
100,49,40,24.9662,81.0197,6.111,185.3636,rice
79,57,40,21.3196,84.5369,6.794,240.8817,rice
77,42,36,23.3711,83.0895,6.3545,187.294,rice
62,55,37,24.1359,85.1405,6.3524,220.2665,rice
73,58,36,26.1077,82.0389,5.5943,253.8402,rice
92,54,44,23.0191,81.8722,6.7577,214.8724,rice
97,45,36,25.9286,82.5488,5.8784,278.4359,rice
82,57,42,25.9292,81.0699,6.3774,184.1649,rice
92,51,35,20.7493,86.4086,6.1472,219.9709,rice
67,49,36,23.3251,78.8359,5.5938,191.2119,rice
98,35,43,20.3144,84.9537,6.4367,294.0225,rice
78,53,38,26.7001,80.0695,5.7859,289.7083,rice
59,58,46,24.227,84.5119,6.0822,267.1716,rice
94,37,41,22.6385,85.109,6.7934,279.7973,rice
97,58,35,22.3868,81.9235,6.9643,242.9368,rice
78,54,43,26.4042,82.3259,6.3072,267.7775,rice
80,54,38,23.79,83.8856,5.8881,247.9839,rice
83,42,37,20.7568,82.6953,5.6959,193.0376,rice
61,38,35,22.2214,80.4788,5.611,231.7556,rice
93,56,40,21.7828,83.4045,6.4032,204.5543,rice
93,46,37,20.4269,81.1555,6.4676,211.08,rice
90,46,39,23.1049,81.0204,6.7123,227.621,rice
70,38,35,21.8569,80.7532,5.756,206.8227,rice
102,60,45,21.4245,80.2899,6.4028,283.6301,rice
64,37,41,21.5902,82.5216,5.8322,230.041,rice
70,52,44,24.9595,82.238,6.1291,215.4029,rice
68,42,42,23.6373,81.6072,5.8512,274.7345,rice
87,48,38,26.5815,81.0446,6.2753,282.2588,rice
83,57,42,21.3012,81.8923,5.9765,259.284,rice
66,58,39,23.2853,82.3543,5.753,199.9257,rice
94,54,39,23.2887,85.4622,5.7781,245.6047,rice
87,40,46,24.509,81.5326,6.5913,288.1354,rice
59,43,42,23.632,83.0961,5.9949,216.8012,rice
77,47,43,22.4545,82.9036,6.4642,178.0526,rice
90,39,44,21.3085,82.4574,5.2897,237.3849,rice
77,46,36,21.2387,84.7942,6.8419,220.6179,rice
69,38,43,20.0178,80.1457,6.771,201.8612,rice
89,48,39,21.0267,82.7815,6.6692,185.212,rice
73,49,42,22.1184,84.8926,6.609,195.1277,rice
68,49,38,22.0811,82.7024,6.8242,285.9385,rice
61,35,41,25.8048,83.0132,6.4525,249.5253,rice
64,47,42,22.5728,81.5388,6.0514,262.1329,rice
59,47,45,22.0262,85.667,5.7307,185.4528,rice
89,52,40,24.1914,82.6216,5.6992,287.3358,rice
95,42,40,21.6843,83.6616,6.808,189.6027,rice
93,60,42,23.9585,84.0492,6.7803,217.1639,rice
87,43,43,25.9432,84.4887,6.0793,180.8699,rice
93,58,41,22.3989,80.1731,6.4856,200.9126,rice
98,52,37,23.0063,84.888,6.946,243.6907,rice
68,37,39,21.8293,84.2415,5.9875,182.8366,rice
80,50,41,20.9697,86.3975,5.8807,190.2552,rice
68,40,45,23.6427,81.7291,5.7171,246.9615,rice
95,57,44,26.6452,84.9852,6.5458,272.805,rice
75,51,37,25.7707,84.914,6.1262,188.1781,rice
65,53,41,27.2778,80.6828,6.4622,279.0225,rice
74,49,35,25.0831,85.5996,7.0613,253.9567,rice
98,46,38,20.5052,84.8465,6.6055,203.7888,rice
75,50,39,21.8048,85.8704,6.0797,280.8784,rice
67,57,44,25.3516,85.664,6.5739,257.8889,rice
67,47,35,23.7297,83.8172,6.6468,219.2574,rice
91,54,33,24.1152,81.402,5.841,288.6673,rice
73,46,38,22.766,79.6726,5.5734,225.0391,rice
86,38,46,20.8886,82.1712,6.6953,276.7946,rice
76,50,42,25.6858,83.3732,5.5809,202.5153,rice
100,59,38,21.5964,84.0483,5.56,191.2417,rice
73,48,42,19.9944,85.1357,6.3859,230.912,rice
82,53,39,25.2826,84.1745,5.8467,191.8871,rice
76,48,34,22.6014,82.7519,5.9126,250.9448,rice
72,50,46,21.3603,81.2681,5.658,262.1982,rice
68,36,37,20.6238,82.0671,6.9058,185.0245,rice
95,49,38,23.7283,82.2809,5.6471,192.8673,rice
96,40,41,25.9006,84.9206,6.5698,229.3059,rice
87,45,42,20.9068,83.7111,7.1605,187.571,rice
97,45,39,24.1588,82.7612,6.4791,263.3337,rice
81,40,43,22.0818,80.0411,6.1552,264.9581,rice
62,45,38,22.9878,82.712,6.3557,246.7011,rice
68,40,40,25.1299,82.4712,6.022,242.295,rice
70,48,41,20.78,83.3085,5.8988,291.9527,rice
95,38,36,23.9177,82.9501,6.7303,285.2413,rice
85,38,44,23.9741,81.3961,5.7788,268.3536,rice
76,61,40,24.6764,81.818,6.0841,253.862,rice
71,44,17,23.7305,54.8416,6.5772,75.1606,maize
92,47,13,23.0051,68.4605,5.6894,100.6807,maize
86,56,24,20.7253,60.2406,5.7512,106.9868,maize
93,51,23,17.7738,57.394,5.9335,90.4718,maize
95,50,26,25.9626,57.6205,6.8723,59.8788,maize
86,44,26,24.4639,67.895,5.6998,96.5415,maize
77,39,15,18.2903,52.4989,5.7321,109.5723,maize
67,51,21,19.0615,55.6178,6.6323,83.8421,maize
78,59,23,24.0317,59.0867,6.3187,92.3911,maize
88,53,16,21.0059,62.4035,5.5273,75.8871,maize
67,47,15,25.3767,55.5964,6.0047,68.9269,maize
98,59,17,24.5643,61.8633,6.0122,109.8511,maize
63,47,15,25.2863,61.7024,6.3875,65.485,maize
70,41,14,23.2318,67.9669,5.8653,59.7931,maize
87,58,23,23.0694,54.7755,6.9887,102.7198,maize
68,44,19,22.1083,65.0098,7.0007,69.1192,maize
95,58,22,20.5216,66.6519,6.1938,101.6281,maize
88,56,22,22.8354,65.8498,6.6745,89.0177,maize
87,53,17,21.4538,55.8598,6.0147,93.7499,maize
88,49,16,24.4052,55.0922,6.6908,68.2599,maize
102,43,22,24.2121,68.4741,6.306,90.6475,maize
62,51,20,22.6368,64.0489,6.4977,97.9833,maize
89,52,24,21.9727,61.7928,5.7789,85.7187,maize
88,37,17,25.6287,58.9891,6.3901,88.6505,maize
68,46,24,25.3882,54.9202,6.6879,87.4102,maize
68,50,16,24.3234,64.0274,6.9123,65.2847,maize
71,52,16,24.4771,56.2276,6.2401,65.1927,maize
62,46,15,24.8106,69.6838,5.7233,98.5324,maize
64,39,18,21.1645,67.6766,6.2589,79.8378,maize
97,56,20,22.0692,62.5514,6.4119,83.2756,maize
66,44,23,22.6585,58.0122,6.7432,104.3958,maize
81,38,19,25.8585,60.0382,6.8507,113.6241,maize
93,44,24,23.039,56.8228,6.4923,101.153,maize
67,46,22,18.22,68.6646,6.6867,90.189,maize
65,37,21,22.8987,67.5982,6.8705,62.452,maize
88,48,20,22.3284,67.0569,5.9636,64.076,maize
78,54,22,23.1933,61.4803,6.65,81.554,maize
94,43,22,24.4227,63.179,6.0214,76.1807,maize
70,60,22,23.0122,56.4773,6.0763,81.9086,maize
94,40,26,24.5177,67.8817,5.5637,117.3314,maize
66,39,16,22.6685,60.4214,6.419,78.5334,maize
60,48,25,26.1889,63.3228,5.6144,106.5739,maize
84,44,21,22.7862,65.5938,6.4812,99.7987,maize
75,46,22,26.1835,62.6897,6.5542,85.1281,maize
64,41,24,20.9856,63.3151,5.7364,92.9397,maize
77,60,19,19.7344,64.1953,5.5999,69.6926,maize
77,44,23,24.5977,63.2863,5.7431,96.7488,maize
76,52,19,18.6723,60.3404,6.9834,94.5947,maize
80,56,28,18.8422,66.5774,5.6729,90.9757,maize
96,55,19,24.201,59.391,5.946,103.5033,maize
72,47,17,23.1946,65.6334,6.5165,71.6643,maize
65,45,19,23.6893,64.5107,5.9995,70.8224,maize
76,58,19,18.4655,55.7039,6.1724,60.3029,maize
70,45,15,22.5895,62.5047,6.626,99.322,maize
70,64,21,21.5752,65.6677,5.8215,79.9626,maize
59,49,21,20.2038,69.0688,6.8911,94.3912,maize
71,59,22,18.9178,62.5799,6.899,85.3727,maize
74,51,24,26.728,60.9625,6.7218,103.8952,maize
97,57,18,26.5018,61.3148,6.1909,97.0566,maize
70,42,26,17.759,70.3992,6.5953,105.1949,maize
82,51,23,23.2482,56.4359,6.218,64.0334,maize
73,34,18,24.7661,64.6664,5.6583,62.676,maize
71,48,17,24.2661,71.8722,6.2762,74.6461,maize
87,42,21,25.39,65.2903,6.2593,83.9621,maize
86,34,21,21.4211,54.729,6.1889,65.986,maize
71,55,23,20.6849,68.5149,6.2083,112.835,maize
58,41,23,23.8551,69.0526,6.6555,109.5783,maize
79,45,22,20.0433,60.8311,6.1169,56.9236,maize
81,59,19,23.416,65.6643,5.8668,67.7915,maize
71,44,14,17.7224,62.5469,6.1427,105.697,maize
61,50,24,22.7674,66.144,5.8936,87.8918,maize
75,35,18,23.7065,71.1028,6.6105,57.0373,maize
64,41,17,22.0317,65.5495,6.1509,64.5863,maize
88,48,14,25.1831,65.0057,6.181,93.3268,maize
88,38,16,17.2574,63.9339,6.194,70.9214,maize
77,48,21,17.596,57.9484,6.3707,63.6434,maize
63,52,25,19.0893,65.9274,6.9449,114.1474,maize
69,47,24,22.9312,54.7295,5.4666,79.1809,maize
74,33,20,24.0371,56.8781,5.9921,85.8516,maize
69,49,17,23.7062,59.2923,5.798,108.834,maize
80,49,19,23.0933,59.6465,5.897,101.9511,maize
91,41,17,19.239,68.0407,6.3284,86.4331,maize
67,52,19,20.0307,60.3485,5.4815,72.4802,maize
95,47,18,20.6289,67.1117,6.8991,73.975,maize
60,50,24,19.9076,66.7428,6.28,96.0652,maize
97,57,23,24.8484,61.3085,6.8257,89.229,maize
68,59,24,24.0432,65.1934,6.4876,107.0531,maize
70,54,24,23.1639,68.9795,5.3622,90.7255,maize
64,58,19,21.7554,59.4204,6.7431,88.6228,maize
72,49,15,24.036,62.3037,5.5869,96.4466,maize
96,50,21,22.8563,56.6566,6.1352,105.115,maize
86,44,16,21.6821,59.0335,5.7358,85.0361,maize
65,61,15,19.2916,64.6413,6.2818,91.3507,maize
83,54,22,22.2355,54.8968,6.4308,67.5568,maize
95,37,18,21.656,56.4052,6.6139,113.5686,maize
72,51,15,19.3353,67.3302,6.6014,57.1085,maize
86,51,25,19.071,69.4267,6.9289,99.3293,maize
95,49,23,19.7504,61.2197,6.7824,101.92,maize
76,51,26,18.5678,67.6232,5.901,90.9421,maize
68,40,19,18.4688,57.1725,6.3878,99.9575,maize
38,66,80,18.4197,20.2077,8.0485,67.2305,chickpea
54,73,82,20.7128,17.8231,6.9955,81.841,chickpea
26,56,81,19.7857,17.6804,5.912,60.4185,chickpea
23,62,74,18.8137,20.1889,7.5702,84.3795,chickpea
39,64,85,19.1226,17.1897,5.7754,82.5087,chickpea
40,68,77,20.3114,17.1039,7.1971,83.7661,chickpea
53,69,78,19.8171,16.9808,6.2361,93.13,chickpea
23,67,77,18.1842,17.8294,6.9547,93.9928,chickpea
34,71,83,20.3834,19.9404,5.5707,75.2857,chickpea
41,59,83,19.5805,19.0226,6.2646,76.207,chickpea
53,67,80,17.2822,18.2203,7.9917,66.2664,chickpea
23,70,81,20.3732,18.8508,8.1693,68.683,chickpea
29,74,75,20.0986,15.8631,7.8103,87.785,chickpea
43,57,82,18.5267,17.954,8.6841,77.8211,chickpea
56,79,74,17.4817,15.8547,6.0245,72.3473,chickpea
23,76,81,19.0779,19.6865,8.4437,90.2699,chickpea
31,71,86,21.5152,16.6434,7.2816,77.2967,chickpea
37,77,76,19.6169,20.1394,7.9963,80.0601,chickpea
39,73,81,19.2099,13.9925,8.1956,75.0173,chickpea
57,70,79,17.8544,15.8827,5.6741,73.6785,chickpea
34,75,85,16.8778,19.8299,7.7101,90.8701,chickpea
28,61,81,18.5115,14.8551,5.9659,64.208,chickpea
28,59,79,18.2312,16.4519,5.704,78.0754,chickpea
26,69,78,18.034,17.5705,6.4461,76.4572,chickpea
40,73,78,19.4192,20.5879,8.5102,57.7925,chickpea
50,64,83,19.5793,18.2671,7.3108,87.0782,chickpea
27,67,80,19.4315,16.0865,7.479,70.8956,chickpea
26,63,84,17.9184,16.1164,7.4896,88.8146,chickpea
29,59,74,20.3518,19.7921,7.6929,84.227,chickpea
54,66,82,19.8498,16.1555,7.2196,67.2467,chickpea
46,77,77,18.8544,15.5004,5.5328,77.4618,chickpea
34,76,83,19.9153,16.2961,8.2145,78.5874,chickpea
52,58,76,17.6939,20.1388,7.8909,88.1827,chickpea
56,54,82,19.0052,17.721,9.065,72.0239,chickpea
54,60,79,20.957,13.66,5.8242,80.2619,chickpea
49,72,84,21.0835,18.8505,8.2632,61.1367,chickpea
31,63,77,17.4431,17.9301,8.2458,62.5516,chickpea
24,69,87,18.7421,18.9537,7.6398,88.1464,chickpea
21,74,84,18.4582,16.14,7.1822,68.2314,chickpea
34,57,72,20.3094,16.8185,6.2835,90.0481,chickpea
36,64,82,17.662,16.5297,5.8426,75.0397,chickpea
27,73,75,20.9618,17.437,7.3664,68.2141,chickpea
47,55,75,18.0374,18.4673,8.8274,77.0466,chickpea
33,55,78,18.8114,18.0463,7.7942,64.4566,chickpea
27,76,83,18.6403,18.9766,8.004,103.6928,chickpea
37,69,81,17.4928,19.4746,7.3854,96.4348,chickpea
43,61,83,17.7114,16.543,6.4046,65.5585,chickpea
45,73,72,20.1732,15.6228,7.6496,65.6329,chickpea
47,78,75,18.3188,14.9073,5.5475,85.269,chickpea
34,52,84,17.0659,19.3799,6.6677,61.1019,chickpea
29,79,80,18.9251,13.2674,6.9304,93.3577,chickpea
20,70,80,18.0344,17.4288,7.3089,66.368,chickpea
35,63,83,17.0639,14.8608,6.9327,83.5692,chickpea
27,70,86,19.094,20.0154,6.9788,78.8376,chickpea
56,63,82,19.749,18.5255,7.0257,78.2258,chickpea
28,79,74,18.3374,21.419,7.932,99.3156,chickpea
35,63,85,18.0678,18.1756,6.1052,82.7148,chickpea
39,53,76,18.5381,13.8843,7.7283,82.4815,chickpea
40,67,74,17.8778,19.9061,6.7178,93.0744,chickpea
47,74,87,18.0642,15.0516,6.3614,77.4005,chickpea
44,69,81,17.2098,15.0945,8.438,86.0644,chickpea
19,64,85,20.0498,19.3321,7.2676,66.4934,chickpea
31,59,75,20.133,18.4265,7.4757,87.2471,chickpea
44,62,81,19.1828,18.9525,8.3458,86.112,chickpea
51,60,79,21.9931,16.1976,7.0477,92.4212,chickpea
30,65,78,19.9088,18.9007,7.5912,95.8885,chickpea
36,75,78,17.9736,13.0282,8.065,87.1533,chickpea
56,62,72,17.4603,16.1742,5.9958,94.5094,chickpea
50,55,80,21.5072,17.4105,8.8048,63.9542,chickpea
48,62,74,18.8014,18.0543,8.6379,83.0048,chickpea
38,63,76,17.1901,18.259,7.6282,63.8848,chickpea
58,59,79,21.2248,16.0119,8.005,76.4429,chickpea
51,77,73,21.6947,15.5623,8.2914,72.2384,chickpea
30,67,78,20.504,20.233,7.6047,82.3242,chickpea
39,80,77,19.4865,15.5099,7.7133,76.0666,chickpea
27,62,78,17.214,15.8173,7.4605,88.9853,chickpea
58,70,84,17.6053,13.8524,5.6662,72.1541,chickpea
26,64,75,17.1264,14.9568,7.7455,81.6785,chickpea
25,81,78,21.2371,15.6793,6.7448,74.6213,chickpea
52,63,77,19.4947,18.1435,6.1766,91.3519,chickpea
54,57,83,17.1458,16.078,7.3917,83.9227,chickpea
37,70,82,19.7146,17.0656,6.0602,78.3504,chickpea
50,74,77,19.4739,19.6465,8.1394,77.8137,chickpea
20,67,75,20.0548,14.363,7.3279,99.2172,chickpea
43,78,80,16.8709,19.4527,7.6026,88.8588,chickpea
26,61,75,18.8727,17.0218,7.1167,81.4815,chickpea
20,73,85,20.5717,20.1434,5.5904,72.861,chickpea
21,65,84,18.4158,15.3124,5.9055,96.1833,chickpea
38,62,85,19.7909,20.0547,6.4797,91.1122,chickpea
31,65,77,19.0081,17.5918,8.0847,75.6877,chickpea
49,76,83,17.5042,20.7717,6.7597,73.2905,chickpea
55,76,78,17.667,20.6641,8.7716,81.8358,chickpea
53,76,77,20.4486,17.4896,7.9332,90.3216,chickpea
26,57,85,19.2035,18.395,7.0904,71.3722,chickpea
36,79,84,20.1417,15.3061,8.3432,85.494,chickpea
45,63,78,20.0503,15.1755,8.2424,66.1307,chickpea
38,76,77,19.904,17.0911,8.9014,75.0503,chickpea
44,67,79,17.7977,18.6012,7.258,67.8854,chickpea
29,54,84,20.7457,18.7454,5.9832,62.4434,chickpea
41,75,75,16.7962,18.0027,6.3249,76.8253,chickpea
38,73,16,22.4991,19.804,5.9427,100.8639,kidneybeans
39,51,19,16.4961,18.4065,5.3265,76.4108,kidneybeans
21,79,14,18.1363,20.5715,5.6134,70.7622,kidneybeans
39,61,24,16.1914,22.9617,5.3678,98.0589,kidneybeans
32,62,22,16.0779,19.9515,5.6774,129.1621,kidneybeans
25,78,25,18.5008,18.4842,5.5225,101.1582,kidneybeans
30,58,14,25.0407,24.7211,5.8353,114.0735,kidneybeans
25,62,16,17.924,21.0664,5.748,125.1155,kidneybeans
22,76,17,21.147,17.6413,5.8186,83.1427,kidneybeans
26,78,19,23.9632,19.5983,5.761,101.8163,kidneybeans
35,60,26,21.9629,22.0389,6.0192,65.9515,kidneybeans
29,66,15,23.899,22.9843,6.0204,136.6154,kidneybeans
35,79,17,15.7566,21.1102,5.999,97.2595,kidneybeans
33,69,17,25.6005,23.2301,5.9439,90.3816,kidneybeans
23,63,16,15.0323,26.3597,5.687,110.3957,kidneybeans
35,56,19,15.9877,21.2084,5.9616,115.899,kidneybeans
25,62,17,22.5062,22.3361,5.8093,79.35,kidneybeans
31,66,18,22.0623,17.7469,5.6861,108.3559,kidneybeans
34,83,19,21.0953,17.9319,5.8424,113.4946,kidneybeans
23,62,22,18.3383,19.617,5.9434,93.0334,kidneybeans
28,57,23,19.8752,23.8747,5.6212,104.1059,kidneybeans
21,55,17,23.0828,18.7377,5.7396,92.2926,kidneybeans
32,65,16,16.5638,19.8389,5.7646,137.0985,kidneybeans
25,60,25,16.0285,20.9843,6.0265,129.0059,kidneybeans
22,57,25,18.2648,21.7212,5.6825,123.125,kidneybeans
40,68,18,18.3829,18.7078,5.8007,127.7115,kidneybeans
32,55,17,20.4213,18.672,5.9973,78.5249,kidneybeans
35,75,19,20.3269,24.6142,5.8175,129.5011,kidneybeans
33,76,19,22.7334,24.2247,5.5132,91.4689,kidneybeans
33,64,17,19.2183,22.1568,5.5534,64.5747,kidneybeans
32,72,16,21.0273,22.8072,5.7054,123.4317,kidneybeans
33,74,21,22.7207,24.2941,5.7224,108.3987,kidneybeans
18,69,21,23.7285,18.4767,5.8528,108.2273,kidneybeans
34,67,18,17.5686,19.9862,5.9978,88.3263,kidneybeans
23,63,15,15.6867,21.7133,5.831,106.5611,kidneybeans
37,64,19,23.7763,23.7647,5.7655,97.6227,kidneybeans
21,60,21,20.1779,19.4911,5.6607,66.1308,kidneybeans
31,73,27,17.1884,22.2874,5.9535,98.6066,kidneybeans
29,76,21,19.4648,23.7605,5.7219,99.9727,kidneybeans
24,62,20,18.1462,18.2743,5.8451,100.5403,kidneybeans
37,71,21,18.0973,16.7596,5.6693,105.2574,kidneybeans
26,69,15,15.1937,19.7374,5.6699,90.2268,kidneybeans
29,68,25,17.0871,21.9447,5.9263,113.9639,kidneybeans
27,56,25,15.2343,18.6011,5.6316,108.993,kidneybeans
32,59,22,18.9255,24.9369,5.9879,138.9855,kidneybeans
24,55,24,14.8005,21.7648,5.8346,120.395,kidneybeans
35,83,17,20.7397,23.1285,5.7772,74.9236,kidneybeans
35,64,16,17.204,19.7711,5.6955,79.9381,kidneybeans
26,76,27,21.4315,18.8944,5.7896,134.4643,kidneybeans
24,64,20,22.0641,22.7886,5.5974,70.2691,kidneybeans
34,57,18,15.678,19.179,5.6017,78.8908,kidneybeans
35,66,27,17.8792,21.0258,5.8774,63.961,kidneybeans
32,83,24,19.0739,19.0563,5.6755,127.4271,kidneybeans
33,59,27,18.1503,20.2123,5.7127,117.2044,kidneybeans
23,71,23,23.1518,21.4541,5.5718,65.8647,kidneybeans
29,71,17,23.2003,22.3658,5.4776,70.2753,kidneybeans
30,63,14,22.1808,22.7626,5.7099,121.0196,kidneybeans
23,74,22,20.4856,24.5241,5.7322,136.5303,kidneybeans
34,63,15,20.2815,24.8757,5.5176,80.316,kidneybeans
27,63,20,24.7339,20.4251,5.7165,93.2374,kidneybeans
22,79,22,24.2801,21.5942,5.705,83.6804,kidneybeans
28,72,24,21.5378,18.9842,5.5937,97.8131,kidneybeans
24,73,24,18.771,21.5281,5.8002,98.7615,kidneybeans
38,69,23,17.3027,23.6911,5.407,102.3741,kidneybeans
31,56,16,24.1345,19.8933,5.9957,147.9692,kidneybeans
40,78,16,17.4058,20.5216,5.5792,137.5941,kidneybeans
25,55,15,21.0813,25.8654,5.6105,134.8801,kidneybeans
29,79,22,23.9781,22.3362,5.789,112.319,kidneybeans
19,55,23,17.883,18.9169,5.9095,82.9454,kidneybeans
35,56,22,21.8471,20.3659,5.9757,83.0983,kidneybeans
25,64,24,21.7818,23.9055,5.6846,87.126,kidneybeans
31,67,18,19.9911,21.8757,5.9259,85.4815,kidneybeans
22,71,21,21.4687,18.3084,5.678,91.9519,kidneybeans
40,61,22,17.3389,22.4465,6.0355,117.1103,kidneybeans
31,58,17,17.9483,21.3114,5.5663,59.3487,kidneybeans
33,66,18,23.1749,23.6378,5.6393,148.2064,kidneybeans
40,78,18,24.3859,18.5477,5.6267,98.2173,kidneybeans
34,55,23,20.1777,24.3139,5.6636,73.6144,kidneybeans
31,62,27,24.1921,24.6875,5.6683,103.8695,kidneybeans
22,70,17,21.5674,20.8767,5.795,82.2799,kidneybeans
29,60,22,22.9064,19.8191,5.7203,116.9412,kidneybeans
28,78,22,17.99,20.1628,5.7194,109.5501,kidneybeans
43,66,15,18.5848,20.0504,5.5552,84.7806,kidneybeans
28,76,13,22.4227,17.3441,5.7402,128.5891,kidneybeans
28,73,15,24.2254,19.8931,5.7175,102.481,kidneybeans
23,54,23,23.6982,22.8534,5.6742,87.3845,kidneybeans
19,57,20,24.5284,22.509,5.7731,113.6638,kidneybeans
38,71,22,15.5686,18.2988,5.5461,58.7918,kidneybeans
24,65,18,20.518,23.4462,6.107,62.7678,kidneybeans
25,68,19,16.6602,26.1647,5.4258,134.6196,kidneybeans
23,77,15,14.8816,22.9179,5.6355,141.5328,kidneybeans
25,76,25,16.2859,19.4124,5.7135,69.5093,kidneybeans
22,77,24,19.4032,22.9405,5.9923,110.3585,kidneybeans
33,71,21,17.2161,21.3907,6.0135,73.3641,kidneybeans
38,60,16,23.2183,17.7036,6.1157,146.8561,kidneybeans
35,63,21,23.6002,17.9753,5.8939,115.9394,kidneybeans
39,68,17,18.6885,25.6957,5.591,134.4941,kidneybeans
30,65,15,18.1629,21.4585,5.7917,132.0559,kidneybeans
33,69,20,14.0907,22.6394,5.933,100.9647,kidneybeans
35,61,18,19.24,19.8624,5.7836,121.7391,kidneybeans
2,68,14,28.3407,64.3161,7.6748,136.5624,pigeonpeas
20,65,18,27.4248,64.7723,6.9097,123.4485,pigeonpeas
22,70,16,27.216,33.8667,5.9483,170.6594,pigeonpeas
36,56,23,23.7707,43.3158,6.1564,185.8299,pigeonpeas
15,75,21,27.5369,70.1347,6.1005,104.0664,pigeonpeas
23,71,21,20.262,51.1568,5.3957,88.7251,pigeonpeas
33,80,17,23.3503,65.6726,5.1441,161.1136,pigeonpeas
1,69,16,35.0127,60.0894,6.5682,180.0351,pigeonpeas
22,58,18,25.7356,55.0295,4.6881,107.5636,pigeonpeas
5,79,16,24.7679,31.1055,5.2755,179.2906,pigeonpeas
1,73,25,32.0721,49.4058,5.3744,183.0991,pigeonpeas
38,83,13,19.6165,39.2348,6.6218,186.7673,pigeonpeas
21,70,14,25.6803,41.8812,6.2476,160.6795,pigeonpeas
20,65,18,28.0177,30.5962,4.8631,176.2819,pigeonpeas
35,81,21,18.7979,56.5327,5.916,138.3769,pigeonpeas
9,76,21,27.6562,52.1808,5.6904,179.9713,pigeonpeas
35,69,16,18.8216,33.566,6.6494,118.3678,pigeonpeas
7,76,26,27.3068,58.4842,5.8776,109.2745,pigeonpeas
5,66,23,32.625,48.8884,7.5342,116.4409,pigeonpeas
15,64,17,20.5658,41.9684,6.5076,134.069,pigeonpeas
7,60,19,31.7331,41.722,4.7463,106.9297,pigeonpeas
12,71,16,25.2213,44.3163,6.4554,100.0074,pigeonpeas
26,60,27,23.5857,53.0418,6.8618,132.7265,pigeonpeas
17,57,22,21.7507,41.5451,6.9828,96.9309,pigeonpeas
40,75,20,21.5422,66.3332,5.7503,99.4997,pigeonpeas
21,61,15,17.7694,46.7322,7.2269,156.2364,pigeonpeas
5,77,21,20.7217,47.3836,5.0897,175.993,pigeonpeas
33,75,21,32.4069,51.1964,7.2208,123.6524,pigeonpeas
5,70,12,19.5824,39.6282,5.9606,136.6669,pigeonpeas
8,62,23,33.1778,57.0618,6.0005,155.1379,pigeonpeas
35,58,19,33.8836,67.4375,4.9041,135.424,pigeonpeas
8,74,22,18.7004,65.0539,7.7141,98.9261,pigeonpeas
21,56,23,23.7389,62.7469,5.8298,114.4381,pigeonpeas
37,60,20,21.1711,49.8693,5.9428,179.313,pigeonpeas
10,61,10,29.3179,39.5403,4.5773,113.1009,pigeonpeas
34,69,19,35.6717,30.782,5.2915,158.6793,pigeonpeas
13,61,21,20.0261,67.3467,6.1507,125.011,pigeonpeas
29,58,17,33.6438,31.8837,7.18,143.8944,pigeonpeas
31,76,17,25.1266,66.5682,6.6335,128.5384,pigeonpeas
13,73,25,31.3568,28.9819,5.1179,147.7814,pigeonpeas
38,69,20,35.0203,44.0933,6.3255,90.8885,pigeonpeas
31,65,15,27.7345,63.9707,5.2804,111.065,pigeonpeas
0,84,18,21.1049,57.6999,5.2067,159.4811,pigeonpeas
17,71,14,34.8255,45.9882,6.9045,96.0928,pigeonpeas
24,58,22,22.6141,64.6562,7.515,186.7334,pigeonpeas
7,68,21,30.0389,33.2938,6.2789,106.2863,pigeonpeas
18,68,21,17.8882,56.6661,6.5733,116.5556,pigeonpeas
4,53,17,34.3161,46.2583,6.9431,198.9256,pigeonpeas
34,56,20,33.9172,47.9848,6.045,97.4294,pigeonpeas
27,75,23,30.1187,35.2235,7.5428,107.9857,pigeonpeas
18,73,19,19.6727,69.1313,7.494,128.331,pigeonpeas
26,75,15,34.1647,47.2004,5.3605,111.7403,pigeonpeas
38,76,17,27.3987,39.1499,5.6127,180.9287,pigeonpeas
24,66,16,32.1257,51.1765,4.8761,166.0409,pigeonpeas
18,79,20,21.1438,39.8777,6.1424,109.2184,pigeonpeas
38,77,15,34.8821,44.4252,4.6281,139.7149,pigeonpeas
27,65,23,34.3723,35.0324,6.2874,119.9234,pigeonpeas
37,61,19,18.6852,30.4966,6.6564,137.2954,pigeonpeas
13,78,24,19.3968,45.5311,7.4398,138.3082,pigeonpeas
12,79,21,31.6982,31.6858,4.8307,138.5018,pigeonpeas
7,78,14,34.3542,61.7569,5.6794,168.2423,pigeonpeas
34,58,16,21.8768,59.4859,5.0009,149.0881,pigeonpeas
8,57,21,26.7558,68.6687,5.7815,164.7727,pigeonpeas
3,68,20,20.8267,61.477,7.868,193.7732,pigeonpeas
18,65,18,28.5543,37.4272,7.3909,171.2773,pigeonpeas
0,65,13,35.7133,51.9192,6.7846,132.2813,pigeonpeas
12,60,13,33.5092,57.4171,5.2141,89.8675,pigeonpeas
22,62,22,27.0408,50.2142,5.3676,100.826,pigeonpeas
16,64,16,23.6822,55.1358,6.6044,122.8729,pigeonpeas
1,57,22,22.9121,59.0024,6.4067,110.4039,pigeonpeas
36,80,18,24.5611,39.8837,5.3103,148.2124,pigeonpeas
17,75,18,33.2275,49.6093,5.7966,129.6937,pigeonpeas
13,70,21,35.4102,52.9733,7.2133,104.4491,pigeonpeas
37,59,17,28.6132,67.312,5.7728,121.6564,pigeonpeas
34,60,23,27.4584,51.5037,6.8842,127.2178,pigeonpeas
19,76,22,31.8444,44.4976,5.8884,137.202,pigeonpeas
44,67,23,26.765,53.8234,6.0163,110.5734,pigeonpeas
39,79,14,33.5982,32.0933,5.7356,151.5422,pigeonpeas
27,68,16,20.5397,51.7864,6.6056,137.0366,pigeonpeas
34,61,21,21.2752,55.2042,5.5782,105.0936,pigeonpeas
13,78,26,26.0374,64.4854,6.3539,106.7616,pigeonpeas
27,59,24,29.1954,31.2852,5.6281,153.4875,pigeonpeas
22,61,20,29.1372,32.5381,5.1919,96.2099,pigeonpeas
25,74,22,24.6058,42.3199,6.6287,170.6435,pigeonpeas
25,71,21,35.3448,33.6306,4.7589,186.5667,pigeonpeas
31,60,22,21.9807,52.231,7.4551,170.5986,pigeonpeas
0,54,19,31.6694,50.8223,7.3518,93.8121,pigeonpeas
38,55,24,33.6832,35.5366,4.8405,132.6881,pigeonpeas
36,56,19,19.594,52.6776,5.1474,165.4495,pigeonpeas
28,58,20,22.0688,59.397,5.5177,182.2167,pigeonpeas
24,72,15,24.1842,34.0434,6.8749,130.7623,pigeonpeas
4,77,14,34.2667,49.337,5.8176,186.3212,pigeonpeas
28,54,25,20.6784,38.6701,5.4336,86.7103,pigeonpeas
20,64,23,34.875,51.9514,5.6534,133.7371,pigeonpeas
27,55,15,26.2061,38.2368,7.4979,103.6177,pigeonpeas
18,78,19,32.642,50.224,4.6197,90.7395,pigeonpeas
13,63,14,20.8551,32.2462,5.2512,101.2772,pigeonpeas
17,70,13,18.5261,46.1906,6.315,180.7888,pigeonpeas
32,68,18,32.8401,57.0798,6.2469,123.3081,pigeonpeas
16,68,14,18.7085,40.4761,6.6854,105.7068,pigeonpeas
29,56,17,26.1592,47.3217,4.1971,51.0028,mothbeans
3,49,23,30.5601,47.9406,8.8229,35.3167,mothbeans
6,35,22,26.4151,43.2609,6.1676,60.9767,mothbeans
30,40,20,29.0708,45.9293,5.7936,68.5837,mothbeans
12,42,15,26.0549,45.364,6.0821,77.3877,mothbeans
9,55,17,31.0382,50.6753,7.0975,39.4252,mothbeans
20,53,22,27.4351,44.4695,5.8052,68.0687,mothbeans
3,40,23,26.3535,64.1611,8.8917,42.4508,mothbeans
32,44,17,24.6594,50.2833,6.7252,66.2979,mothbeans
26,54,17,28.1372,54.442,5.6454,58.2447,mothbeans
38,54,15,29.5212,62.824,5.972,50.0294,mothbeans
21,50,21,27.0459,48.4396,8.8673,53.4234,mothbeans
13,49,17,28.626,48.5647,3.3981,34.9506,mothbeans
37,49,17,24.2734,56.7664,7.177,47.5156,mothbeans
4,57,18,25.0895,57.3096,5.6023,44.9588,mothbeans
11,57,21,27.0217,47.0,6.7842,44.6467,mothbeans
36,42,20,25.3813,50.9575,5.1286,57.6581,mothbeans
2,43,12,24.3032,59.6349,3.6908,50.549,mothbeans
35,38,13,30.3452,50.1546,6.5094,41.916,mothbeans
22,52,22,29.0175,42.6063,7.4498,53.6302,mothbeans
36,56,24,30.9539,40.8349,6.8555,55.1048,mothbeans
25,38,17,24.3134,54.6485,6.3267,67.4343,mothbeans
23,57,21,23.7953,42.2345,6.415,72.5124,mothbeans
33,54,16,29.1008,42.6968,3.5467,38.1637,mothbeans
0,50,17,26.4178,60.9583,7.5974,67.9005,mothbeans
36,56,23,29.1996,56.1934,8.0644,48.4641,mothbeans
33,48,19,27.5059,62.8204,7.6635,60.7472,mothbeans
19,39,17,30.4044,43.0551,4.6957,51.7476,mothbeans
7,43,20,27.867,55.0107,5.5352,35.4462,mothbeans
21,61,20,27.5522,44.4515,6.9098,34.0249,mothbeans
22,44,17,25.3939,41.6077,4.8694,54.1018,mothbeans
8,39,14,25.1036,46.4195,4.1031,74.1563,mothbeans
27,49,19,25.9903,56.6973,5.7207,41.3432,mothbeans
5,53,18,31.1298,45.5418,8.72,65.9465,mothbeans
18,39,24,29.0889,41.8617,7.093,51.5464,mothbeans
7,55,17,27.0226,62.5391,4.3465,70.534,mothbeans
9,58,19,29.6013,38.8922,6.8954,70.8143,mothbeans
35,49,19,25.6336,52.0889,6.5992,32.4365,mothbeans
24,44,14,31.0435,53.1814,8.336,49.4545,mothbeans
1,58,15,28.8449,50.8395,5.8121,62.2394,mothbeans
16,47,26,30.088,51.4085,4.9597,45.2559,mothbeans
0,42,24,31.2272,45.6963,6.1315,50.1872,mothbeans
31,49,20,25.8399,54.6908,7.0223,52.4729,mothbeans
32,48,24,30.9811,42.3867,4.8502,70.6611,mothbeans
12,53,26,25.0966,42.0381,5.7881,34.8125,mothbeans
10,48,17,27.3017,40.8447,7.3686,29.0837,mothbeans
27,40,20,30.4139,50.2894,5.6944,31.5662,mothbeans
6,37,16,25.4699,55.9778,6.3777,35.1825,mothbeans
10,40,18,29.8385,47.3359,3.5791,50.7841,mothbeans
11,40,22,28.7954,54.4269,4.0662,63.8449,mothbeans
34,51,17,28.6784,44.669,5.5814,64.6509,mothbeans
20,42,28,26.421,41.9028,4.0951,74.2292,mothbeans
5,39,14,24.3869,54.8434,4.58,42.6943,mothbeans
40,37,21,28.4888,44.5189,5.6234,43.4737,mothbeans
5,57,20,28.7638,53.6648,6.2661,47.1432,mothbeans
20,40,21,30.0686,45.9967,6.1014,68.1352,mothbeans
33,43,24,28.2994,53.6356,5.3043,51.8384,mothbeans
14,55,21,30.8544,40.7049,6.2864,58.9775,mothbeans
17,35,24,26.9453,40.8365,7.5312,53.1812,mothbeans
25,35,21,26.2989,53.5839,6.9297,56.2161,mothbeans
1,42,23,28.8262,57.7067,7.2557,40.2375,mothbeans
38,47,27,29.6093,58.9181,6.9242,61.8657,mothbeans
37,46,16,27.1649,52.5199,8.0923,58.0785,mothbeans
10,41,27,25.9703,44.7532,4.2137,56.1291,mothbeans
31,59,14,30.4323,60.6565,8.4826,42.7009,mothbeans
36,45,21,26.7981,40.4082,6.5861,55.0728,mothbeans
13,35,22,28.5784,47.9587,7.4652,54.2989,mothbeans
41,56,17,25.7918,45.9582,5.3244,59.8311,mothbeans
24,43,15,28.4872,52.4093,6.7962,43.776,mothbeans
11,51,15,31.8555,50.2737,5.3312,65.3956,mothbeans
7,43,27,25.8329,50.841,3.6709,51.4961,mothbeans
34,55,20,23.9303,45.4249,8.5772,59.9656,mothbeans
3,40,25,29.7273,49.9677,6.2342,36.4765,mothbeans
29,42,16,27.7422,64.384,4.8509,57.7399,mothbeans
10,38,23,26.4246,53.8428,7.9197,45.602,mothbeans
21,48,22,26.655,52.1893,6.8605,73.8478,mothbeans
18,49,26,30.9753,45.9017,7.4016,46.5488,mothbeans
11,61,16,29.0354,53.3939,5.452,42.7186,mothbeans
9,39,25,28.1769,56.8056,5.7387,68.197,mothbeans
10,43,22,24.1644,41.9175,4.8148,31.6387,mothbeans
5,53,23,28.8378,58.2955,3.5219,76.0923,mothbeans
18,51,22,30.4564,41.2455,6.3436,61.3051,mothbeans
34,40,15,28.5592,53.1288,5.1365,78.9084,mothbeans
14,38,18,27.9053,57.2335,5.0456,58.0883,mothbeans
6,41,16,28.1364,46.0793,5.0655,74.5831,mothbeans
25,56,12,25.5161,48.5426,4.2103,49.2302,mothbeans
13,51,15,25.1663,50.5152,8.5333,71.3844,mothbeans
27,59,21,30.139,61.2461,8.6289,36.492,mothbeans
12,49,20,25.8244,45.7453,5.4923,63.2266,mothbeans
19,42,26,30.1495,44.7313,5.2288,63.9079,mothbeans
26,61,20,27.0557,57.3817,6.5239,69.0221,mothbeans
27,51,24,27.1254,46.2154,5.0037,55.6026,mothbeans
3,53,17,24.6059,57.1071,5.5814,72.5993,mothbeans
40,40,22,26.0791,41.2319,3.3715,53.4243,mothbeans
9,47,17,27.2492,45.1299,6.2267,38.0877,mothbeans
17,60,20,28.6996,49.7869,8.6741,67.35,mothbeans
26,43,17,25.8845,57.6727,4.5315,25.2064,mothbeans
15,48,21,24.4064,45.9977,8.2174,50.1831,mothbeans
34,60,24,30.6761,53.6312,5.3296,51.0392,mothbeans
0,47,17,28.9062,51.7066,6.1575,38.0366,mothbeans
5,53,18,26.6383,85.6838,6.9108,29.7072,mungbean
23,61,21,26.4069,82.5574,7.2169,41.3504,mungbean
1,49,20,28.3498,85.4085,6.6737,49.9384,mungbean
4,55,20,27.3243,83.1892,6.6676,51.7409,mungbean
28,55,12,26.881,82.7942,6.8946,41.3609,mungbean
15,44,20,27.9814,84.7955,6.5082,41.4498,mungbean
28,42,24,26.5404,89.6525,6.9925,49.14,mungbean
16,50,22,26.6463,83.2172,6.3207,52.4444,mungbean
24,49,17,26.8114,83.2696,6.8056,55.3214,mungbean
19,61,15,28.766,88.8769,6.9454,40.0312,mungbean
16,35,19,28.8086,87.7151,6.2281,43.8043,mungbean
30,61,18,28.4728,88.6076,6.5596,52.5626,mungbean
26,55,18,27.6582,79.9173,6.4963,36.959,mungbean
11,38,23,28.4232,84.4272,6.9551,50.6775,mungbean
17,56,24,28.5352,86.6682,6.273,43.3815,mungbean
29,40,18,28.135,90.5843,6.326,55.7046,mungbean
4,48,26,27.498,85.4441,7.2664,44.4317,mungbean
9,53,16,27.6107,85.7892,6.2859,41.6463,mungbean
29,40,15,28.7037,86.3958,7.153,42.9396,mungbean
13,56,19,28.7039,83.1506,6.7831,53.9776,mungbean
7,60,15,27.204,90.0064,6.4153,59.5541,mungbean
17,51,23,26.6489,85.2894,7.0704,53.5211,mungbean
36,53,18,27.0713,84.7303,6.2651,64.961,mungbean
21,46,21,27.4414,88.4651,6.21,53.3327,mungbean
30,52,24,27.2578,88.2636,6.8457,50.9427,mungbean
42,41,20,26.6133,84.4091,6.4128,55.2445,mungbean
16,54,22,27.907,89.4732,6.0781,39.2398,mungbean
21,42,19,28.0958,85.3973,7.2283,49.651,mungbean
19,48,22,26.5382,86.0805,6.466,29.5375,mungbean
38,53,19,28.3148,82.8133,6.0994,53.1513,mungbean
17,45,18,28.3644,85.0712,7.082,36.9712,mungbean
0,34,18,27.8569,83.7732,6.2514,43.1305,mungbean
39,43,18,27.4968,90.1293,6.3318,44.8488,mungbean
14,43,24,28.2593,82.2258,6.5703,40.9338,mungbean
18,56,23,28.5714,86.4158,6.5361,69.4562,mungbean
21,35,20,28.9475,83.7875,6.9168,47.1121,mungbean
26,51,16,26.913,87.7081,6.8308,56.9397,mungbean
0,53,19,27.3509,82.2975,6.4235,50.5808,mungbean
26,56,24,27.4923,87.0394,6.6545,45.1673,mungbean
28,54,20,28.5272,85.2586,7.0154,38.0643,mungbean
36,54,20,27.1514,85.999,6.31,58.1802,mungbean
7,39,20,27.7488,82.8709,6.8183,64.7324,mungbean
33,58,17,27.4471,85.5853,6.5645,37.0781,mungbean
4,43,18,27.4108,81.0603,6.9991,40.7657,mungbean
29,44,19,27.4657,86.8802,6.7533,63.4761,mungbean
18,52,21,27.5538,83.0596,7.0755,39.9849,mungbean
39,35,24,27.5078,80.6537,6.5459,64.1923,mungbean
40,53,11,27.923,84.7983,6.6208,48.906,mungbean
14,44,20,27.3455,89.328,6.9131,37.704,mungbean
43,59,17,26.9999,88.7375,7.0839,58.6202,mungbean
41,40,25,26.434,86.5985,6.5839,47.2131,mungbean
32,52,18,27.6411,86.5539,6.3846,49.693,mungbean
11,52,23,28.0293,84.6248,7.255,44.4629,mungbean
25,56,26,29.7154,90.2054,6.2778,43.8627,mungbean
21,48,23,28.4156,81.4703,6.6871,66.0249,mungbean
23,35,21,27.8114,86.0304,6.7639,40.0063,mungbean
25,41,23,28.1767,81.0521,6.5137,69.3479,mungbean
11,54,28,27.5239,89.1217,6.3042,46.8642,mungbean
17,47,21,29.5243,86.8942,7.1459,41.6485,mungbean
21,44,18,29.0055,90.5419,6.4739,45.9987,mungbean
30,37,24,28.245,83.1179,6.3087,42.0343,mungbean
0,39,19,28.066,83.0399,6.8093,35.4471,mungbean
33,42,20,28.2657,83.5759,6.8269,55.4402,mungbean
18,47,24,27.453,82.6217,7.028,35.4135,mungbean
24,47,15,28.5941,87.1541,6.8484,64.9455,mungbean
20,53,20,27.2379,88.458,6.4882,65.0281,mungbean
36,52,21,28.8209,84.3691,6.8076,55.1097,mungbean
35,56,18,29.6503,87.2142,6.6035,37.6443,mungbean
8,41,22,29.3672,83.4481,6.449,45.7439,mungbean
17,60,24,27.3199,82.0342,6.5669,49.1922,mungbean
8,49,22,28.8975,82.6936,6.4069,44.432,mungbean
40,41,18,29.0956,88.3075,7.3278,40.4812,mungbean
19,47,18,26.7875,89.2684,6.6769,44.1267,mungbean
12,45,24,27.1763,88.0575,6.6106,43.9007,mungbean
36,39,21,28.5143,91.4484,6.8027,63.6635,mungbean
6,47,17,28.3297,88.3529,7.2732,37.0183,mungbean
29,46,16,28.5581,82.42,6.7658,37.0308,mungbean
8,38,23,28.4143,83.9416,6.8499,53.6965,mungbean
9,50,18,28.1843,84.5872,7.0886,35.8342,mungbean
20,49,20,27.5672,82.6163,6.4142,39.0624,mungbean
39,51,24,26.9094,82.0428,6.1911,48.1965,mungbean
10,52,13,27.9425,89.7556,6.3934,62.1659,mungbean
4,50,23,27.7876,88.439,6.9009,33.0726,mungbean
5,43,22,27.9664,90.8271,6.7348,60.9063,mungbean
8,54,20,29.2246,91.1447,6.3017,49.2727,mungbean
24,54,19,27.3033,84.4468,6.1239,62.4173,mungbean
36,41,20,29.3402,80.685,7.1461,49.2235,mungbean
2,56,14,29.9619,84.0269,6.8735,45.3582,mungbean
22,46,25,27.7746,89.3728,6.3313,27.7035,mungbean
3,53,19,28.9924,83.5185,6.6443,55.5081,mungbean
34,37,14,27.1222,85.503,6.9324,42.0501,mungbean
30,49,21,27.0858,85.7982,6.7417,43.805,mungbean
13,53,24,28.0143,88.0053,6.8387,52.7211,mungbean
27,57,17,28.1788,83.697,6.958,56.9238,mungbean
3,59,23,28.5731,86.9841,6.6126,47.5043,mungbean
39,52,13,29.6098,84.257,6.516,52.7861,mungbean
34,51,21,27.9509,90.3323,6.744,49.65,mungbean
5,63,25,27.2734,80.6776,6.204,43.3798,mungbean
10,45,22,27.9454,82.1252,6.9975,51.2179,mungbean
30,61,24,27.3896,82.9476,6.6049,49.8947,mungbean
53,54,26,30.4157,64.5235,7.1163,66.9703,blackgram
43,54,24,33.9471,62.8268,6.8276,73.8955,blackgram
32,82,24,34.6691,66.0776,7.5739,69.2025,blackgram
32,80,18,31.8273,64.707,6.6655,64.7228,blackgram
54,73,28,32.3662,68.175,7.1494,75.2173,blackgram
29,62,21,26.0093,61.3022,7.4773,67.8669,blackgram
58,80,22,26.5031,59.4694,7.069,58.5275,blackgram
36,73,21,29.3707,65.5078,7.2304,69.9042,blackgram
27,68,18,33.6088,64.4804,6.9336,56.9978,blackgram
51,69,22,33.8193,69.5483,6.7349,68.9073,blackgram
43,65,23,33.5222,65.6744,6.6067,80.036,blackgram
51,61,18,35.5394,59.5746,7.2082,67.1255,blackgram
41,70,16,24.4205,65.0181,6.5568,54.2581,blackgram
60,81,26,30.9483,64.897,6.7574,73.4703,blackgram
50,57,24,26.2759,67.2304,7.0743,60.4776,blackgram
53,65,21,34.2814,61.7456,6.7307,80.4049,blackgram
52,64,24,28.6532,64.0755,7.1956,58.6006,blackgram
28,66,23,31.6343,68.4747,6.7138,71.2274,blackgram
53,72,16,30.642,61.671,7.2214,68.4924,blackgram
36,57,19,28.6414,63.9349,7.4303,69.1089,blackgram
54,64,19,31.6625,58.1836,7.3297,59.439,blackgram
44,61,17,29.8067,67.9812,7.2216,62.7679,blackgram
54,78,21,25.5232,66.6842,6.7171,65.4363,blackgram
55,68,16,30.5227,67.3733,6.6514,67.5526,blackgram
37,76,22,29.4545,60.0765,6.8019,62.5159,blackgram
44,78,20,33.1665,66.6975,7.0605,64.816,blackgram
64,57,26,26.522,64.1162,7.3287,59.5747,blackgram
35,69,26,31.0923,71.5453,6.7047,72.2316,blackgram
23,76,17,28.0051,67.8523,6.9205,76.824,blackgram
25,72,25,32.4973,69.3014,6.5548,63.2509,blackgram
52,75,19,33.7888,62.2081,6.9511,70.6881,blackgram
54,63,17,24.4793,64.2489,7.3946,71.6363,blackgram
37,62,24,35.2723,67.3273,7.3812,63.5045,blackgram
52,64,12,28.6479,64.9163,6.3714,67.6005,blackgram
55,82,20,32.6775,67.1161,6.7521,71.9429,blackgram
33,59,17,30.6138,61.3993,7.5012,58.6022,blackgram
49,78,16,28.142,65.1218,7.4417,78.8132,blackgram
25,71,17,28.4456,63.776,6.3834,77.8997,blackgram
22,71,18,26.7711,68.4493,6.7998,59.5419,blackgram
35,62,24,33.7123,61.753,6.4213,64.1519,blackgram
36,66,22,32.6118,67.7536,7.0834,69.0012,blackgram
28,81,15,26.7718,66.393,7.441,72.0351,blackgram
55,67,19,31.6399,67.0778,6.4987,68.9622,blackgram
34,63,24,34.9965,59.5331,7.0814,62.5858,blackgram
48,60,24,31.2805,64.9762,7.3578,72.5962,blackgram
26,70,24,26.2379,61.3947,6.5448,71.3045,blackgram
43,58,17,28.0669,69.0443,7.301,83.2057,blackgram
52,66,15,25.6648,61.2234,7.1783,62.4522,blackgram
28,66,20,28.3126,58.0295,7.3124,63.9424,blackgram
58,77,26,34.0982,69.5845,6.586,71.5972,blackgram
46,69,14,26.6092,63.5208,6.6343,69.3517,blackgram
33,69,23,35.0798,61.4306,6.6362,70.5309,blackgram
58,75,17,27.077,64.4936,6.7962,67.844,blackgram
55,64,24,30.3958,61.011,6.5618,57.2927,blackgram
52,78,18,25.8998,69.4734,6.5171,75.4701,blackgram
60,67,21,30.2064,67.9328,7.3914,64.4657,blackgram
52,69,16,28.2233,65.2117,6.9539,73.966,blackgram
32,75,20,31.8013,59.7459,7.0203,78.3845,blackgram
51,70,24,29.47,59.3944,6.9861,72.2611,blackgram
33,62,27,28.9428,68.3486,6.7923,78.1304,blackgram
44,68,18,27.7311,60.3635,7.5214,66.0306,blackgram
56,76,17,29.9698,61.7338,6.6782,74.5716,blackgram
39,65,19,34.2662,64.4969,7.3524,59.7897,blackgram
55,69,23,31.4571,59.0064,7.0143,65.4997,blackgram
45,67,14,25.1805,64.9234,6.6858,67.3269,blackgram
38,64,23,24.906,69.8423,7.2214,68.5962,blackgram
46,63,12,32.5391,68.3939,7.0916,65.143,blackgram
46,63,25,25.691,66.947,6.5868,72.1968,blackgram
59,79,24,29.39,62.8146,7.164,62.0206,blackgram
29,71,25,26.6749,62.7982,6.9924,82.1213,blackgram
55,69,19,30.4758,64.9286,7.3121,81.1546,blackgram
22,79,19,33.7869,68.6608,6.8581,65.8259,blackgram
28,65,18,32.6361,65.9659,6.7717,61.1079,blackgram
46,57,20,34.7358,65.9016,6.8987,65.3402,blackgram
44,73,16,28.3317,67.4812,6.7809,68.5673,blackgram
57,76,25,27.7873,62.2123,6.8153,61.2817,blackgram
38,77,17,31.9025,61.2368,6.639,67.2182,blackgram
39,73,20,31.7178,60.0064,7.096,59.5342,blackgram
34,63,24,33.8906,57.6216,7.1429,71.1796,blackgram
37,78,20,31.2726,69.7304,7.0087,74.0888,blackgram
49,69,22,27.8737,70.1564,6.567,54.9169,blackgram
38,72,25,28.5516,65.7311,6.711,66.179,blackgram
55,70,23,27.7748,60.7893,6.4521,55.1896,blackgram
29,58,22,35.9839,68.8325,6.8984,69.515,blackgram
31,64,22,28.4205,61.6431,6.7435,67.0399,blackgram
29,65,17,26.0071,68.8485,7.1672,67.9826,blackgram
50,79,15,32.3928,63.1751,7.5146,59.4615,blackgram
54,69,20,25.4339,64.8222,6.4986,58.3405,blackgram
27,69,20,31.8006,62.7762,6.5046,66.6664,blackgram
57,69,19,28.0032,67.5922,7.0413,71.9444,blackgram
47,78,19,32.3071,66.982,6.5507,57.5115,blackgram
26,76,23,32.5959,68.348,6.7477,68.2449,blackgram
32,67,11,24.2928,68.1299,6.8975,79.2637,blackgram
54,77,25,27.896,59.3152,6.8261,66.3102,blackgram
57,63,22,27.5571,64.2896,7.3246,66.8227,blackgram
52,64,21,32.9029,70.1632,6.7261,64.202,blackgram
30,68,21,27.838,66.6639,6.7071,73.0955,blackgram
49,65,14,26.2185,60.1611,6.9981,64.8679,blackgram
50,72,23,26.3539,65.3236,7.5951,72.5525,blackgram
46,60,25,34.6112,60.8284,6.7906,61.4073,blackgram
8,61,22,24.2691,61.4965,6.0693,37.7555,lentil
15,61,15,25.6119,61.9651,6.2472,53.2696,lentil
19,60,24,20.8685,61.0714,6.605,36.4958,lentil
37,61,21,20.1084,66.3813,6.223,40.3568,lentil
29,70,21,22.41,64.9565,6.1568,38.4098,lentil
15,62,19,27.1507,71.4183,6.2465,54.4944,lentil
25,58,20,28.2738,62.4955,6.2066,44.2188,lentil
22,57,20,19.2097,65.6366,6.7139,29.7481,lentil
9,76,24,22.2254,62.0947,6.1622,44.3726,lentil
17,74,20,22.1521,61.9768,6.4526,49.9958,lentil
20,76,22,19.6173,66.4048,6.7638,52.5195,lentil
31,69,24,18.9492,60.5737,6.3473,41.1276,lentil
38,59,25,21.5569,60.5208,6.8447,40.0616,lentil
25,53,18,28.8989,59.3942,6.4451,56.3958,lentil
16,73,19,22.507,66.8639,6.4241,47.8657,lentil
3,65,25,26.2011,62.4035,6.1875,52.291,lentil
19,79,21,21.8911,69.5943,6.6702,36.1776,lentil
1,79,21,18.686,60.978,6.2687,56.331,lentil
3,74,27,29.7878,59.2716,6.1905,46.6147,lentil
35,78,20,24.088,58.6431,5.852,38.1457,lentil
3,72,20,23.9189,65.2713,6.7758,45.2785,lentil
21,77,21,29.6593,66.7076,6.0645,38.3915,lentil
26,69,26,26.321,65.026,6.8071,38.4318,lentil
7,65,25,20.4624,58.9137,6.1979,44.3687,lentil
7,61,15,27.3191,69.1073,6.381,32.4599,lentil
22,79,15,25.3855,61.0798,5.8649,48.7276,lentil
23,62,22,29.9625,70.8914,5.9819,48.7549,lentil
4,60,20,20.4367,60.7232,6.046,36.8133,lentil
15,61,22,26.7187,63.6295,6.2668,38.2451,lentil
2,57,19,24.1105,67.7413,6.2511,54.6715,lentil
40,70,19,20.5854,59.8377,6.4295,48.2435,lentil
9,59,26,18.5443,64.5775,6.2386,49.1986,lentil
20,60,21,27.0651,59.9176,6.2955,37.4083,lentil
17,73,18,21.654,64.0933,6.2338,45.0614,lentil
21,78,18,27.2381,70.0064,6.5685,34.7755,lentil
38,74,18,24.9606,61.5795,6.3567,54.5626,lentil
22,53,19,19.9044,70.0945,6.738,45.3017,lentil
41,76,20,21.6216,63.1838,6.1031,52.5576,lentil
25,61,21,22.3836,66.3485,6.0564,48.0257,lentil
13,61,22,27.2974,60.6276,6.2153,34.535,lentil
34,60,21,25.0991,58.7291,6.5211,30.2496,lentil
35,80,17,28.8773,63.1279,5.8696,55.5308,lentil
16,61,21,19.5777,65.6522,6.0712,30.2252,lentil
22,61,18,25.7479,69.6635,6.1177,54.3078,lentil
36,62,22,26.1219,68.5349,6.7308,29.8627,lentil
39,64,23,28.4518,64.0935,6.4063,40.5064,lentil
32,57,24,25.7642,69.8497,6.3206,41.1116,lentil
19,59,20,21.5412,63.1302,6.2925,36.6669,lentil
30,78,24,25.9672,63.0265,6.3186,50.9038,lentil
27,63,22,20.4454,58.8447,6.0888,53.5613,lentil
29,70,14,24.4132,64.8527,6.94,41.1005,lentil
12,65,15,29.5887,63.5372,6.2426,45.4137,lentil
21,77,15,28.2983,63.5475,6.5952,49.8038,lentil
15,62,27,18.3752,63.2245,5.9394,34.5363,lentil
37,78,17,18.3476,68.4274,6.4719,44.2265,lentil
30,62,12,28.1844,60.5886,5.7525,41.4262,lentil
1,76,15,20.7448,66.2594,6.1856,33.7306,lentil
7,63,22,19.4811,65.3464,5.6929,30.0457,lentil
22,59,25,30.2955,63.9746,5.9241,38.5377,lentil
23,75,21,24.9412,65.8211,6.6582,48.2305,lentil
14,69,17,19.3632,68.2945,6.1189,46.4029,lentil
1,53,17,29.689,66.808,6.2165,55.337,lentil
24,77,16,27.1615,65.9044,6.0275,32.9891,lentil
4,68,18,29.4493,67.3705,6.4566,39.4497,lentil
12,58,18,26.4123,62.4611,6.1102,57.3702,lentil
9,80,26,19.8226,68.0808,6.0858,40.0813,lentil
2,63,17,20.803,61.2424,6.4719,37.2058,lentil
24,77,13,25.1521,69.1258,6.5344,46.6315,lentil
12,58,23,19.1847,68.2535,6.6101,47.1503,lentil
5,63,17,20.7427,61.7813,6.6975,26.6588,lentil
26,55,12,20.599,70.1496,6.2174,48.9586,lentil
33,64,22,19.3341,66.9718,6.0625,38.7367,lentil
6,72,22,18.752,61.807,6.6597,38.1592,lentil
28,77,18,25.0812,64.4493,6.4671,42.3072,lentil
27,80,22,23.9723,66.0485,6.0848,40.5279,lentil
29,72,17,28.3861,61.5284,6.1143,53.9585,lentil
35,59,18,28.5543,64.918,6.5341,42.3347,lentil
38,59,24,25.1622,61.0977,6.5735,49.8747,lentil
9,78,19,22.5614,64.0183,6.7127,58.4625,lentil
2,75,19,29.75,69.552,6.6019,48.276,lentil
23,63,13,20.5918,62.0741,6.7066,44.2071,lentil
20,68,19,19.0717,60.8953,6.6346,41.0139,lentil
9,58,25,17.5382,70.9624,5.923,50.4969,lentil
31,75,18,24.5648,67.8786,6.1335,37.8894,lentil
0,61,24,18.8351,66.1815,6.4055,48.5343,lentil
20,71,24,29.8505,63.0468,6.7358,34.2562,lentil
23,57,22,24.6076,62.4584,6.7059,47.6671,lentil
35,74,24,24.2433,68.6601,6.5187,57.7813,lentil
19,62,21,18.6529,68.3543,6.4855,46.0221,lentil
12,72,21,25.6748,58.6621,6.453,46.1637,lentil
15,50,25,25.4177,62.7579,6.5619,47.8058,lentil
33,65,17,25.3914,67.8752,6.857,45.1847,lentil
6,65,21,18.4419,66.3212,6.692,57.4361,lentil
13,68,19,24.1898,69.6492,6.2412,44.5986,lentil
28,73,19,29.1387,67.192,6.6467,60.7746,lentil
39,67,19,24.3581,65.2503,6.4083,36.0828,lentil
19,62,23,29.2426,68.9372,6.3771,48.9532,lentil
39,57,17,23.0271,68.9037,6.1005,51.6118,lentil
9,64,20,20.9571,61.2791,6.5852,48.686,lentil
35,76,19,28.161,60.1378,6.1599,31.4008,lentil
2,8,43,22.015,87.2022,5.7818,98.7757,pomegranate
3,23,33,18.6365,84.6409,6.5381,103.5888,pomegranate
12,28,38,24.7565,85.9512,6.2445,94.6476,pomegranate
13,9,40,24.8479,85.8467,7.028,111.8855,pomegranate
27,20,45,23.6331,89.6106,6.686,96.5068,pomegranate
15,5,42,18.3719,88.1839,6.3681,102.9834,pomegranate
35,17,41,23.643,90.0462,5.9265,104.9209,pomegranate
29,22,37,21.5995,87.1598,7.064,115.2416,pomegranate
19,15,36,23.1793,86.6629,6.21,103.0194,pomegranate
4,25,42,24.0928,89.2792,5.9662,88.4585,pomegranate
35,29,37,19.4395,84.9489,6.5075,104.2281,pomegranate
29,9,32,23.2108,87.2021,6.8058,101.2418,pomegranate
1,17,43,19.842,89.6424,6.4431,112.3287,pomegranate
17,21,42,24.0453,87.3196,6.3804,103.5686,pomegranate
0,15,40,19.2483,87.422,5.7431,110.5205,pomegranate
20,18,39,21.7981,85.491,6.7608,109.0745,pomegranate
29,7,37,23.6189,87.3071,5.8231,107.7713,pomegranate
15,25,38,18.6713,87.3059,6.2379,101.327,pomegranate
29,29,45,21.5057,87.827,6.9706,110.5832,pomegranate
33,13,41,22.7203,90.022,6.3801,112.7779,pomegranate
14,28,41,22.4149,86.0775,5.8888,114.8229,pomegranate
24,19,45,23.3986,89.3856,6.8602,95.9227,pomegranate
14,25,38,23.9077,87.2325,6.6763,112.284,pomegranate
17,19,42,19.2568,88.7056,5.7483,100.4756,pomegranate
31,7,44,18.9138,85.6442,6.8497,105.8088,pomegranate
15,10,43,24.1431,87.5834,6.3605,105.1342,pomegranate
24,10,40,18.5737,89.9691,7.0024,103.1582,pomegranate
23,28,44,24.6106,86.53,5.7947,111.3066,pomegranate
32,13,31,21.7715,87.3818,6.5922,108.5488,pomegranate
2,20,44,18.8765,84.0592,7.1256,107.1202,pomegranate
8,10,41,24.4355,88.6164,7.1336,108.3882,pomegranate
16,24,40,19.5255,88.431,6.0772,99.1732,pomegranate
23,25,33,21.54,86.775,5.7547,106.0163,pomegranate
25,20,47,21.906,87.1263,6.8274,99.209,pomegranate
9,14,40,21.8845,89.9071,6.9217,102.9173,pomegranate
32,18,40,21.6923,90.9559,5.9624,100.7382,pomegranate
8,16,40,22.5004,86.428,6.4303,99.4552,pomegranate
5,26,44,22.7819,87.2221,5.647,107.3271,pomegranate
3,10,45,23.8154,85.6925,6.514,101.7006,pomegranate
14,20,40,23.1356,90.2619,7.047,100.1574,pomegranate
4,20,40,21.1687,85.0422,7.0788,103.2496,pomegranate
39,5,42,21.9666,87.1825,6.3162,109.0258,pomegranate
18,21,41,18.7088,88.5951,7.0399,107.5677,pomegranate
28,13,40,25.3782,87.2921,6.8054,107.8388,pomegranate
9,12,43,23.3525,85.1743,5.5043,107.6924,pomegranate
14,10,37,25.1898,86.3672,7.0513,105.8556,pomegranate
6,22,36,24.5359,86.0629,6.7337,110.3483,pomegranate
16,18,33,19.0769,85.984,6.7526,108.0874,pomegranate
3,27,39,23.0892,84.6955,6.6731,105.1366,pomegranate
0,28,44,17.8462,86.4338,5.5919,102.6936,pomegranate
35,5,37,20.3563,88.0415,6.6537,104.4056,pomegranate
1,7,41,24.4503,90.2551,5.6763,101.7042,pomegranate
24,28,37,21.5045,88.9899,5.5505,98.8561,pomegranate
38,29,34,23.0745,87.2105,5.6452,106.6903,pomegranate
35,9,39,24.2631,89.0957,5.6661,92.3464,pomegranate
23,11,39,18.3404,86.0175,6.369,102.9111,pomegranate
19,11,33,19.2593,89.255,6.3777,99.1507,pomegranate
9,12,43,23.0621,89.2798,5.5914,103.9248,pomegranate
32,23,39,18.6812,89.3153,6.3754,113.7121,pomegranate
37,31,42,18.0052,86.0766,5.7409,98.7571,pomegranate
16,18,41,17.7992,88.5604,6.4319,108.2367,pomegranate
40,22,42,22.8993,89.1579,6.6803,102.4519,pomegranate
4,6,32,22.9349,88.4898,6.5445,108.0811,pomegranate
38,25,44,20.3554,89.4045,6.5489,114.8885,pomegranate
38,18,39,20.2792,89.6564,5.6716,104.8276,pomegranate
23,24,38,25.4631,87.5355,5.5173,109.0833,pomegranate
25,16,42,17.9362,88.3949,6.9895,106.5613,pomegranate
40,15,40,24.4419,84.0787,5.7178,110.9131,pomegranate
0,23,43,22.2183,88.6041,5.9261,99.3081,pomegranate
30,18,42,21.904,86.7545,6.8205,96.4139,pomegranate
29,14,41,19.595,87.4208,6.8482,103.2001,pomegranate
23,23,37,23.7062,86.3414,6.538,110.1927,pomegranate
22,16,37,20.3873,88.4485,6.0225,98.093,pomegranate
33,16,39,23.4676,88.3665,6.9422,106.386,pomegranate
31,21,45,19.437,87.8065,5.7994,106.0658,pomegranate
12,19,39,21.0094,88.8761,6.2872,102.4943,pomegranate
30,18,39,18.1901,86.5795,6.9417,110.3756,pomegranate
28,19,40,19.0753,86.9821,7.286,105.2127,pomegranate
17,15,34,23.0573,88.5485,6.5876,106.7356,pomegranate
11,25,35,19.9674,87.1933,6.3539,104.5591,pomegranate
4,18,38,22.685,88.0458,6.7102,104.9168,pomegranate
1,20,42,23.072,88.2247,5.8238,104.9355,pomegranate
9,12,45,22.6269,88.8598,6.2517,96.1089,pomegranate
30,23,37,21.0597,86.5481,6.4464,109.4777,pomegranate
32,25,41,20.6417,90.2875,5.8995,99.4313,pomegranate
36,13,40,19.8595,85.5951,6.2772,104.5307,pomegranate
26,22,39,23.4634,90.3392,6.9601,101.544,pomegranate
35,10,43,21.6746,87.7904,5.9167,103.3983,pomegranate
15,6,36,21.6725,86.4721,5.7258,105.7405,pomegranate
28,10,37,23.744,88.0886,6.9849,94.4294,pomegranate
16,22,43,23.1311,88.1307,6.8028,108.7676,pomegranate
13,7,35,19.4237,88.001,6.277,102.278,pomegranate
14,8,35,24.6985,91.5164,6.4813,101.272,pomegranate
13,13,44,24.0277,86.9846,5.6604,107.8686,pomegranate
22,16,40,18.5015,84.8587,7.0392,114.7033,pomegranate
39,6,36,18.7467,87.5618,6.8237,105.0754,pomegranate
31,12,40,19.3592,88.8204,6.5086,106.7982,pomegranate
23,22,41,18.9795,88.391,5.8002,104.4052,pomegranate
1,27,41,19.6535,85.5509,5.8254,98.0541,pomegranate
7,24,36,22.9483,87.8344,6.2998,101.6717,pomegranate
106,92,45,25.0716,79.0117,5.8,88.9558,banana
102,91,53,27.9992,82.8301,5.7294,99.4311,banana
115,78,50,24.336,78.2801,5.6088,88.4938,banana
108,86,52,28.7447,77.7708,5.7647,98.2885,banana
97,90,52,26.2353,83.5813,5.8724,103.0875,banana
116,74,47,27.7392,85.3702,6.2396,113.8794,banana
118,83,54,24.6714,80.2531,6.2047,103.3254,banana
116,83,50,28.8763,81.9548,6.4958,121.1423,banana
111,89,43,28.9431,79.9482,5.8386,107.227,banana
115,79,54,26.5202,83.0082,6.5567,97.0493,banana
113,90,48,29.0945,79.2484,5.5063,101.5145,banana
115,89,47,26.3834,76.2575,6.3823,92.7531,banana
106,95,47,26.1997,82.2978,5.9891,112.2687,banana
80,88,47,26.796,83.4923,5.4456,90.1177,banana
115,88,51,26.317,77.4313,5.9392,114.7289,banana
85,85,49,28.9838,84.3402,5.9837,94.6397,banana
103,78,54,27.5112,76.7106,5.381,95.869,banana
122,81,56,24.6107,81.7535,6.1774,111.5661,banana
89,89,48,28.3721,82.4543,6.2164,100.3381,banana
120,89,46,29.3162,76.5306,6.2293,95.0489,banana
119,92,56,25.9389,77.2876,6.0306,90.733,banana
111,88,49,26.0972,77.0992,5.9465,92.23,banana
83,83,43,29.1812,84.1226,5.6649,84.8849,banana
106,94,49,28.629,76.0451,5.6958,110.1623,banana
88,87,54,27.8303,74.2282,5.4426,98.0382,banana
108,82,50,25.9589,76.5851,6.2063,105.8917,banana
83,80,47,27.091,78.5966,6.1676,102.6765,banana
119,90,56,26.5321,76.3662,5.9403,100.4396,banana
80,92,44,29.3438,80.7961,6.4399,91.0533,banana
96,85,44,26.6958,74.3544,6.1529,109.1187,banana
81,90,52,26.3001,83.4113,5.5849,76.7217,banana
116,74,53,27.7993,82.9484,6.0438,94.7218,banana
111,88,49,26.2011,84.8519,6.2938,102.5194,banana
106,86,48,26.7088,83.1995,6.2121,104.4911,banana
98,80,45,28.1768,75.6499,6.4485,109.0048,banana
109,81,42,26.5118,75.2331,6.1832,98.215,banana
79,79,50,27.2155,79.0489,6.2906,89.1984,banana
90,79,47,25.7265,78.1525,5.7303,105.6063,banana
106,82,45,26.8658,83.9923,5.9779,108.3027,banana
103,87,54,26.3083,81.3164,5.7823,109.1565,banana
109,84,52,28.2593,75.2492,5.8827,103.6236,banana
118,94,52,28.7582,80.8686,6.2163,102.9421,banana
120,90,50,29.1848,81.8562,6.4652,89.9895,banana
91,75,49,26.7453,81.916,6.2767,104.1037,banana
92,90,49,28.9293,77.2449,5.9933,99.9061,banana
92,81,53,28.1968,83.0863,5.7577,114.9971,banana
85,86,51,25.9152,79.7443,5.9668,105.7338,banana
111,95,48,25.5791,79.346,5.5191,90.5944,banana
89,73,53,25.8477,84.715,5.9658,98.9759,banana
100,86,47,25.4403,77.2435,6.3721,120.861,banana
113,81,56,25.9545,82.9016,6.1975,115.5703,banana
93,84,51,28.3209,82.7882,5.897,98.904,banana
111,92,45,25.617,84.1425,6.0501,110.9129,banana
122,90,55,26.0949,81.4649,6.3304,85.8423,banana
110,88,50,27.8532,80.9797,5.9273,97.1548,banana
116,85,51,26.6135,76.8293,6.1478,108.7181,banana
98,89,49,27.9112,84.6586,6.5089,106.1549,banana
119,83,56,27.7959,75.7406,6.1344,106.2597,banana
101,90,51,27.7107,77.1073,5.5775,105.2952,banana
87,88,53,25.8689,84.6291,6.4629,116.6045,banana
92,79,52,24.6152,80.0204,6.3435,113.3617,banana
93,84,52,27.6107,83.1548,5.4415,107.1972,banana
97,92,54,26.686,80.1541,5.9284,116.9654,banana
108,72,47,28.4614,83.4505,5.7987,95.7387,banana
119,81,46,26.5883,78.9677,5.9946,113.0459,banana
112,86,46,25.6768,76.4689,5.6319,90.0694,banana
88,76,51,28.7046,76.0087,5.8321,114.9747,banana
112,89,55,28.7729,81.2236,6.0713,96.7623,banana
87,88,47,29.0071,76.5783,6.1234,122.4877,banana
81,84,50,27.0806,82.5884,5.9996,88.1373,banana
118,88,52,28.6847,80.8058,5.429,101.5241,banana
111,91,48,27.0965,79.7878,6.1575,117.9256,banana
89,87,46,27.0407,80.6449,6.329,103.9303,banana
84,81,52,28.8987,75.7817,6.3878,93.9257,banana
104,83,49,26.0862,76.5825,5.9617,111.7765,banana
92,84,56,25.2466,81.7504,6.4902,98.8409,banana
106,83,44,28.9708,82.5393,6.4856,104.4543,banana
91,91,47,25.6673,79.3992,5.7976,108.1464,banana
113,81,53,26.5075,84.9873,6.502,109.08,banana
108,88,50,26.6802,77.5971,5.8974,106.5851,banana
101,84,50,29.4905,85.0617,6.3937,103.7938,banana
96,81,45,26.3344,82.8308,5.4714,89.491,banana
83,85,50,29.6135,82.352,6.2016,103.0373,banana
87,84,48,27.7979,78.3289,5.6492,115.218,banana
122,79,52,28.5628,79.129,5.6558,111.4953,banana
117,77,48,25.3282,76.4349,6.1496,106.8236,banana
83,94,52,27.5721,80.7007,5.9431,107.4253,banana
109,85,48,25.2343,77.7822,6.1442,106.2835,banana
92,86,52,26.426,83.1411,6.0749,103.1084,banana
113,85,49,26.1265,77.445,6.3327,99.1699,banana
100,89,50,28.1201,84.8427,5.8318,104.2529,banana
103,80,56,25.468,85.6999,5.7042,93.1438,banana
97,88,48,25.0894,83.4794,6.1611,111.0545,banana
93,91,48,27.8684,83.6154,6.3071,111.8869,banana
90,85,56,26.6241,83.728,6.2421,99.3763,banana
113,95,54,26.9813,85.9351,5.8703,96.6208,banana
85,86,49,25.2277,77.3043,5.7507,89.1132,banana
117,82,45,25.5721,74.4223,6.6582,89.536,banana
94,94,51,27.751,84.1083,5.5262,94.2731,banana
100,93,49,26.4135,78.1379,5.6139,95.4913,banana
39,24,33,30.2701,50.0282,5.363,94.7306,mango
7,37,25,32.3076,49.7933,6.7009,100.0027,mango
8,23,33,27.6066,53.0722,6.257,98.7949,mango
19,30,32,30.7015,54.412,4.8422,103.8324,mango
19,33,35,35.7885,46.3666,6.6442,104.9587,mango
21,36,31,30.2103,45.6644,5.4948,98.0406,mango
26,31,31,27.8772,52.1932,5.9076,96.9821,mango
18,20,30,30.3165,46.9901,6.0726,93.3983,mango
30,33,26,28.0491,52.6835,6.4236,80.1183,mango
16,19,25,33.8545,48.2894,5.9967,86.2105,mango
24,33,31,34.8511,52.417,5.6115,91.7413,mango
23,22,24,36.2288,53.7915,4.7574,93.1431,mango
2,36,29,36.7092,49.5777,5.625,105.7549,mango
7,32,31,32.8084,46.2141,6.108,92.7747,mango
5,36,30,34.0962,48.3781,5.3366,101.3595,mango
5,25,31,30.8112,55.8315,6.2457,82.539,mango
15,25,28,31.9061,53.5915,5.5058,85.186,mango
20,31,29,33.5766,49.9627,5.2924,91.9767,mango
38,21,29,29.8715,51.461,5.262,98.0609,mango
30,26,30,28.9585,48.6496,4.4644,95.2845,mango
35,36,32,26.9508,47.2268,6.4243,92.5818,mango
18,27,31,34.7511,44.5056,5.6154,99.2292,mango
10,30,28,28.8778,54.8176,4.9436,93.0224,mango
8,35,27,27.6982,51.581,5.0428,89.7639,mango
17,18,23,30.1919,53.3641,6.3552,94.9355,mango
40,27,31,30.5427,49.9872,6.6014,92.9272,mango
2,35,31,29.1908,52.2315,6.0854,86.444,mango
22,23,31,34.2486,51.8238,5.1464,99.0661,mango
6,21,32,27.1181,49.7961,6.8061,90.9717,mango
30,24,33,28.0237,54.097,5.9129,105.0806,mango
24,20,36,33.3273,49.6745,5.8003,96.5862,mango
20,26,29,34.0693,50.1367,4.4737,88.8317,mango
20,35,34,31.4631,49.4819,4.7306,88.3157,mango
29,29,26,33.8723,46.4744,6.3498,92.9451,mango
28,26,34,33.7186,51.045,6.4276,97.4017,mango
9,34,35,34.1786,52.2768,4.8455,98.6025,mango
29,43,35,35.4421,50.2853,6.3689,98.8711,mango
29,34,33,32.091,53.4366,5.6779,94.0337,mango
4,33,36,31.4966,49.472,5.7156,87.1745,mango
27,20,28,32.7106,53.839,6.5703,96.5572,mango
3,24,30,31.5717,44.4905,6.9044,88.4871,mango
3,29,26,27.831,50.7842,5.1769,97.0837,mango
11,17,27,35.9945,50.2176,6.3454,93.4955,mango
37,22,30,34.2729,49.2317,4.6817,94.9326,mango
19,21,30,31.1891,52.8191,4.6386,94.378,mango
23,18,25,32.6071,55.4435,4.8855,88.2936,mango
3,31,30,35.3953,49.4454,6.2921,96.5467,mango
25,43,34,26.9746,47.6226,5.94,94.5251,mango
29,24,31,27.6117,47.7311,6.2442,96.9131,mango
10,18,30,33.4475,47.3454,4.5876,103.301,mango
0,16,28,32.6885,47.2522,5.8876,95.6719,mango
11,26,32,27.8452,53.6862,5.8431,92.7768,mango
24,34,34,33.0042,45.8888,5.3722,78.9043,mango
17,34,33,27.604,54.4503,5.0517,93.2128,mango
19,32,32,29.939,47.8414,6.5626,98.7629,mango
4,19,32,33.6569,50.6614,5.4935,83.1431,mango
23,25,34,34.0949,49.0545,6.6719,91.9047,mango
5,15,32,30.7058,45.5881,5.4406,95.7204,mango
24,39,23,36.2201,53.4588,6.132,93.2317,mango
39,21,32,28.0521,51.2442,5.5569,85.5158,mango
21,41,35,36.1077,53.8473,6.696,86.3666,mango
17,33,26,31.1207,46.0772,6.737,96.7692,mango
37,21,36,28.6368,47.733,5.5412,89.3012,mango
24,16,33,31.8857,45.6934,5.5572,99.0358,mango
14,29,35,33.0034,49.3232,5.1387,101.4386,mango
17,35,29,31.2641,53.0052,5.922,102.7409,mango
25,27,23,30.4255,49.8939,5.6343,97.4665,mango
34,19,33,29.1082,48.7551,5.9004,92.4615,mango
33,39,30,33.1346,46.0886,6.1794,103.0677,mango
39,36,33,28.1017,50.9149,4.8033,95.0753,mango
3,31,25,33.4907,52.4415,5.7137,93.5845,mango
25,34,27,27.8829,48.3309,5.4707,88.5925,mango
6,31,29,32.0443,54.7305,4.879,99.5265,mango
41,24,27,32.348,51.7688,5.6854,99.7908,mango
12,32,34,31.1306,51.6262,6.5758,93.4339,mango
28,24,29,35.8451,52.8701,6.5374,84.3908,mango
5,29,30,36.2267,55.2822,6.9167,93.881,mango
33,18,33,31.482,45.428,4.9626,92.4988,mango
26,31,29,31.033,53.495,5.3326,84.2554,mango
30,40,29,34.2487,52.0226,6.9434,97.9974,mango
37,35,37,34.2651,45.422,5.3193,89.3681,mango
37,27,26,35.285,48.2523,5.6856,90.9042,mango
30,17,29,29.3076,51.4144,6.2741,95.5434,mango
32,31,32,33.994,51.194,5.1421,97.3402,mango
8,31,35,33.2857,48.1671,6.9098,100.9226,mango
34,27,29,29.1967,53.086,6.878,91.9972,mango
11,19,30,28.3855,55.3484,5.226,85.514,mango
36,29,36,27.806,49.3286,6.9295,98.3543,mango
38,33,31,27.2559,45.7403,5.6403,95.8842,mango
6,20,33,27.5889,49.1305,4.4112,98.8265,mango
33,26,25,33.8049,55.5877,4.8691,87.8883,mango
19,25,31,34.4668,49.8941,4.7786,87.591,mango
40,31,32,31.19,49.8421,6.4532,92.5119,mango
25,26,35,31.4678,51.588,4.9834,99.5434,mango
17,39,27,36.3018,45.4119,6.3835,93.8483,mango
36,28,32,32.02,46.9233,5.6441,96.2255,mango
14,37,34,32.8359,48.6864,4.5401,98.3191,mango
2,23,23,35.7028,49.8078,6.4982,87.2932,mango
3,16,31,31.7268,51.8288,6.0605,91.5887,mango
39,24,33,28.735,51.7345,4.728,80.7065,mango
38,141,204,8.6718,81.1945,5.6653,62.5161,grapes
19,146,205,24.3835,84.9083,6.0777,64.564,grapes
23,134,197,24.2414,80.9096,6.1722,75.1396,grapes
35,123,206,12.8429,80.1231,5.9074,72.8581,grapes
31,123,196,8.3336,82.171,6.0966,71.1508,grapes
34,124,197,16.7335,82.6324,6.4761,63.8572,grapes
28,138,196,9.8152,83.0479,6.2945,74.9273,grapes
36,122,197,40.2605,83.1634,5.6935,67.7091,grapes
36,140,193,20.9474,80.6695,6.0638,72.7773,grapes
31,141,200,39.001,82.9863,6.247,74.3352,grapes
35,144,197,18.8062,82.1265,5.6958,68.9938,grapes
28,131,195,35.8167,83.5237,6.1811,62.751,grapes
28,126,198,26.9834,84.1515,6.0285,61.8097,grapes
28,123,198,37.7577,80.8471,5.6772,66.2364,grapes
18,122,199,23.5096,85.0793,6.1487,68.6279,grapes
27,147,202,33.6918,83.5152,6.3816,77.9881,grapes
42,127,199,26.8681,80.1272,5.5063,73.9205,grapes
40,129,194,16.0561,83.9752,5.7394,71.2635,grapes
29,133,207,30.3252,84.4019,6.2485,69.3149,grapes
39,126,193,9.6138,84.4537,6.3519,67.3626,grapes
36,134,202,28.2571,78.4916,6.2583,75.6197,grapes
36,121,198,41.8608,84.174,6.4558,75.5076,grapes
36,125,198,16.8189,80.368,5.7825,73.2778,grapes
31,145,194,24.4782,79.9122,5.6591,68.2011,grapes
27,119,204,38.024,80.6701,6.0909,63.0485,grapes
30,130,198,27.7772,80.276,5.6564,72.8008,grapes
34,125,203,22.0062,81.9379,5.819,66.2129,grapes
22,147,203,35.5815,80.0433,5.7686,75.1596,grapes
31,122,205,38.4698,84.603,6.2496,66.4891,grapes
31,137,204,29.0619,80.8145,6.4269,67.2762,grapes
31,136,200,15.3492,84.2572,6.2172,69.745,grapes
30,137,195,33.6964,81.0353,5.9908,62.0942,grapes
22,132,199,40.9504,84.1277,5.8618,81.0401,grapes
30,121,203,36.1835,81.6251,6.1656,78.0105,grapes
27,120,199,31.8742,85.3508,5.7873,75.8462,grapes
23,139,201,34.6397,81.0992,5.8929,79.7093,grapes
28,120,203,24.8695,81.7043,6.1863,76.722,grapes
39,121,205,28.8287,80.9518,5.9075,69.0448,grapes
37,136,205,10.5415,81.1926,6.0055,64.5032,grapes
29,139,201,8.6352,82.8908,6.1166,62.0462,grapes
38,127,193,10.661,81.8053,5.998,61.9149,grapes
32,143,199,21.2522,81.848,5.4878,69.4306,grapes
17,140,203,15.2531,82.1385,5.988,68.61,grapes
22,126,198,24.8198,84.5687,6.2444,72.0733,grapes
39,138,202,29.4181,86.024,5.6896,71.237,grapes
38,141,201,19.1984,83.3351,5.935,53.9404,grapes
23,139,194,29.2496,80.1525,5.8954,71.2742,grapes
35,144,196,37.7187,80.6248,6.4353,65.8653,grapes
34,131,197,42.1543,83.5813,5.9328,73.5547,grapes
30,131,203,17.1147,81.3424,6.3418,69.376,grapes
31,131,195,37.4225,82.2089,6.0917,77.6802,grapes
40,128,208,34.0573,83.1429,5.772,60.7159,grapes
27,126,197,19.8724,82.3408,5.5652,76.837,grapes
40,125,192,31.3457,80.9491,5.5867,71.413,grapes
23,125,196,22.3996,80.5835,6.1834,71.4514,grapes
26,142,203,19.9788,80.595,6.159,67.9719,grapes
37,126,202,36.2455,79.6639,5.6971,65.5866,grapes
27,134,205,28.5654,79.768,5.4886,75.4683,grapes
32,145,197,11.5967,83.3166,5.8242,69.6911,grapes
28,145,199,37.645,81.7428,5.838,69.5166,grapes
37,140,195,19.3745,82.1253,5.6079,70.0185,grapes
18,121,199,19.0247,82.4451,6.3611,68.7401,grapes
31,128,195,8.6616,81.2019,5.7357,74.7376,grapes
20,123,201,32.5625,81.1918,5.3823,82.3161,grapes
38,145,194,12.5809,82.558,6.3502,61.752,grapes
27,131,205,35.2111,83.904,5.739,65.9228,grapes
23,135,201,9.6755,80.2543,6.172,74.9746,grapes
24,142,200,19.4376,81.1461,6.3219,73.7529,grapes
31,134,197,19.6838,82.6036,6.4174,68.4691,grapes
23,139,200,9.8994,80.7592,5.9493,66.4061,grapes
30,137,204,15.0902,80.5695,6.4475,70.1488,grapes
36,139,203,19.9877,80.7858,5.8575,70.2436,grapes
40,135,207,41.6739,80.8443,5.8819,67.6983,grapes
25,139,206,10.3738,82.6662,5.8616,68.47,grapes
27,121,198,20.2362,83.8441,5.9735,65.2663,grapes
21,132,207,33.5493,80.6406,6.1855,75.5967,grapes
29,122,202,21.2453,83.4352,5.9428,79.4622,grapes
37,129,203,10.8048,80.0964,6.0274,72.937,grapes
24,127,202,8.151,81.4074,6.465,71.7974,grapes
41,127,198,31.9329,82.2679,6.5061,69.6331,grapes
27,126,199,36.5238,81.3291,5.7681,55.7656,grapes
38,127,195,11.8259,84.2922,6.0392,76.7014,grapes
31,123,197,41.0891,82.6259,5.6969,72.8355,grapes
37,132,202,22.3956,81.7493,6.4632,63.3536,grapes
36,134,197,26.4094,83.6461,6.207,68.4326,grapes
31,143,194,19.5436,79.124,5.8113,78.9957,grapes
38,130,202,31.9016,82.4143,6.0772,85.9933,grapes
24,142,209,38.3306,82.0706,5.847,73.1803,grapes
18,122,203,22.0536,80.9552,6.2473,65.5693,grapes
35,125,199,26.0175,85.1484,6.3739,68.8936,grapes
27,130,200,12.8591,81.1242,5.4647,73.8085,grapes
21,131,205,27.6779,83.3335,5.8214,64.5688,grapes
36,127,205,10.7064,79.7246,5.9232,68.5167,grapes
30,132,200,29.224,82.4669,5.7641,66.189,grapes
36,132,195,35.0526,80.1751,6.1289,70.4682,grapes
27,123,203,29.3817,83.0039,6.4726,62.3401,grapes
28,138,200,31.8802,82.1954,5.7072,60.3469,grapes
23,139,199,9.3529,82.3634,6.3903,74.1618,grapes
33,128,199,38.6629,80.8013,5.8999,71.8008,grapes
27,147,203,37.1718,82.3093,6.4651,60.477,grapes
98,14,49,24.8223,82.0464,7.1344,53.1216,watermelon
93,6,46,27.1376,83.105,6.8512,40.0658,watermelon
80,23,48,25.8916,84.2694,6.1338,47.0071,watermelon
87,29,52,25.8397,85.3066,6.6067,48.3889,watermelon
84,9,52,25.7339,83.65,6.3493,39.6451,watermelon
100,26,55,25.9039,84.5541,6.364,52.3139,watermelon
94,26,51,25.3643,84.8237,6.9309,57.4297,watermelon
89,24,50,26.8737,82.4467,6.039,60.6567,watermelon
90,16,51,25.8671,84.6501,6.0763,43.2984,watermelon
87,29,51,25.0212,88.5682,6.4319,42.1428,watermelon
90,22,52,24.5108,90.1182,6.93,52.7968,watermelon
93,12,55,24.0679,88.419,6.7052,54.4048,watermelon
90,32,45,25.5098,84.4261,6.1427,57.0788,watermelon
90,14,49,26.8243,81.5686,6.8222,43.566,watermelon
87,11,51,25.3313,79.9175,6.8886,47.4674,watermelon
85,27,54,25.2154,86.3896,6.4444,55.7306,watermelon
83,14,56,24.914,89.6239,6.2323,52.0787,watermelon
93,9,51,24.6017,82.6943,6.9926,44.1311,watermelon
97,28,56,26.4251,84.7902,6.2838,49.0036,watermelon
88,30,58,25.9137,81.2433,5.9481,43.6339,watermelon
80,20,54,27.4028,88.0206,6.7022,59.1799,watermelon
82,29,55,26.9552,83.1543,6.626,42.4431,watermelon
82,28,52,25.0527,91.1267,6.7986,42.5795,watermelon
82,26,45,24.7637,85.9605,6.7104,44.9081,watermelon
94,21,45,27.4335,81.8821,6.7691,44.9053,watermelon
99,9,47,25.1256,83.5987,6.5449,46.6775,watermelon
93,22,56,24.1007,86.5596,6.2358,47.9661,watermelon
86,14,46,25.6004,85.2217,6.7112,40.8925,watermelon
81,18,57,26.973,82.5025,6.8686,50.9616,watermelon
80,28,42,25.5727,88.466,6.6996,34.9929,watermelon
97,7,49,25.1073,80.1496,5.992,50.9743,watermelon
98,17,51,24.1953,87.9339,6.9564,41.9091,watermelon
81,9,55,23.7148,81.6182,6.6226,46.6855,watermelon
92,18,53,26.2349,81.3918,5.9181,40.4548,watermelon
96,23,53,25.4888,80.2255,6.0608,59.9318,watermelon
78,11,55,25.112,84.1255,6.4289,52.4267,watermelon
79,21,53,25.5583,83.8048,6.1577,56.1646,watermelon
85,23,57,26.1812,88.5744,6.3323,51.0351,watermelon
91,7,52,25.2936,86.7901,6.1552,56.0485,watermelon
79,9,50,24.5883,80.0121,6.5176,41.2943,watermelon
85,25,55,25.3938,83.6585,6.2304,49.3,watermelon
92,20,53,24.8469,89.3137,6.6406,45.0759,watermelon
97,13,48,25.2801,84.0519,6.4339,51.1427,watermelon
100,28,54,25.6362,86.7458,6.2641,42.8567,watermelon
92,17,55,27.7701,86.4054,7.0155,41.2264,watermelon
93,19,53,25.2039,85.3963,6.7645,57.7017,watermelon
94,12,47,25.6281,86.2841,6.442,48.1782,watermelon
93,8,46,25.9284,85.7066,6.2242,50.8201,watermelon
92,15,54,23.5019,85.449,6.3941,52.5852,watermelon
91,12,56,27.0277,88.2314,6.9455,41.737,watermelon
96,7,51,25.7411,81.5563,6.883,39.0152,watermelon
83,19,57,23.9741,81.8661,6.4439,46.1134,watermelon
100,26,48,26.9742,88.0065,6.1033,34.7471,watermelon
99,6,49,26.3807,87.2514,5.9117,37.0944,watermelon
81,13,50,24.2249,81.5965,6.8072,52.4634,watermelon
100,8,56,25.1114,81.9984,6.7106,47.2087,watermelon
82,24,47,24.7463,85.5568,6.6092,42.2575,watermelon
98,8,57,26.0708,80.9646,6.6603,58.798,watermelon
93,13,53,24.4381,84.1143,6.1568,49.6805,watermelon
87,17,54,23.2585,79.123,6.5675,41.8243,watermelon
101,24,48,25.0817,81.4765,5.9591,62.5717,watermelon
99,26,55,27.6086,87.6785,6.8678,49.2472,watermelon
92,28,47,26.3996,89.8608,6.4182,49.3677,watermelon
96,18,54,26.3735,87.7843,6.7422,44.0806,watermelon
84,18,50,27.6287,89.175,5.9498,58.8439,watermelon
78,30,53,24.1831,82.2129,6.4032,52.6935,watermelon
94,18,50,27.1893,79.6228,6.3956,56.0195,watermelon
87,30,52,25.3074,83.4029,6.1757,62.988,watermelon
98,23,53,24.4645,81.657,6.8245,69.4041,watermelon
89,9,53,25.4466,85.0295,6.4573,69.1744,watermelon
83,22,45,24.2457,81.8553,6.3299,45.3648,watermelon
78,22,54,24.3443,83.7108,6.9404,35.0099,watermelon
84,30,52,25.3167,82.2072,6.6542,68.8143,watermelon
89,20,50,24.1048,90.2997,7.0039,50.3315,watermelon
82,5,45,24.7487,80.5894,6.2351,37.3588,watermelon
84,10,46,25.1682,88.2654,6.7238,32.7095,watermelon
87,26,48,24.9065,87.8323,6.8195,53.7381,watermelon
96,10,52,25.6785,81.1328,6.549,52.3126,watermelon
90,8,51,25.4911,85.464,6.1102,44.3633,watermelon
89,24,54,25.8577,82.0487,6.9348,46.7478,watermelon
95,20,48,24.5858,85.0854,6.7529,52.2205,watermelon
89,5,53,25.6872,81.0952,6.6473,49.1383,watermelon
92,5,57,26.99,81.7961,7.0081,57.0206,watermelon
100,19,45,27.0689,85.503,6.8451,58.5525,watermelon
98,23,47,25.6616,91.4884,6.8289,45.0174,watermelon
100,24,47,25.1794,85.4645,6.7742,51.9305,watermelon
100,14,53,24.4529,85.3823,6.9654,52.0616,watermelon
91,28,49,26.5959,82.4306,7.011,57.7528,watermelon
96,33,45,25.2276,88.4121,7.0463,65.8208,watermelon
90,22,48,24.9122,81.5639,6.7549,43.5365,watermelon
88,30,51,25.4182,84.1037,6.2928,42.8646,watermelon
81,27,50,24.2353,84.7788,6.9137,40.0039,watermelon
90,27,53,26.3712,85.6729,6.8655,47.1104,watermelon
95,8,48,24.8729,84.9617,6.6229,46.7311,watermelon
99,25,53,24.3257,90.6635,6.7444,54.5407,watermelon
86,10,48,24.7894,81.4005,6.6343,59.3394,watermelon
89,19,52,26.7274,85.4657,6.8752,59.0519,watermelon
88,10,50,24.9912,85.3146,6.1165,50.0403,watermelon
95,6,56,25.374,82.3321,6.8235,54.7233,watermelon
84,10,52,23.5938,83.1316,6.7007,58.7536,watermelon
91,15,43,29.8618,94.91,6.7931,22.6988,muskmelon
78,14,50,27.2598,95.2952,6.14,28.5358,muskmelon
96,6,50,29.6246,93.4503,5.9977,32.3259,muskmelon
93,7,45,29.1382,93.4473,6.5844,28.9795,muskmelon
101,19,51,29.9558,93.7473,6.3627,29.1689,muskmelon
89,10,55,28.7249,90.2435,6.1819,18.2456,muskmelon
88,27,47,28.1946,94.5522,6.0292,33.6541,muskmelon
87,25,51,28.4349,97.3236,6.1163,28.3666,muskmelon
88,26,53,28.7129,93.2438,6.2085,20.5537,muskmelon
94,6,54,30.3871,94.972,6.6047,22.1443,muskmelon
93,18,52,27.1066,94.3215,6.5284,14.0704,muskmelon
99,10,46,28.3541,91.1697,6.4883,19.2943,muskmelon
96,3,56,28.249,89.9617,6.0475,32.6755,muskmelon
82,28,56,29.4942,90.9929,6.9497,33.8735,muskmelon
91,14,51,29.0242,88.6017,6.2007,22.7032,muskmelon
85,11,51,30.1641,95.172,6.2497,23.6347,muskmelon
93,30,52,30.4459,94.594,6.3076,35.7174,muskmelon
87,13,52,29.0956,91.1941,6.4249,28.9199,muskmelon
96,20,49,28.9053,94.0281,6.8658,37.1606,muskmelon
98,12,48,28.9265,91.2043,6.857,24.7619,muskmelon
91,10,46,28.48,94.3856,6.071,34.2234,muskmelon
98,16,52,29.7075,90.7416,6.5835,30.2232,muskmelon
85,20,55,28.4146,95.0671,6.6085,22.3927,muskmelon
99,10,46,26.7782,91.0167,6.3137,24.6554,muskmelon
87,20,48,29.066,90.4493,6.6626,25.6143,muskmelon
85,20,44,29.8988,94.1559,6.4474,28.0894,muskmelon
91,21,51,26.3412,94.7692,6.1955,34.7904,muskmelon
79,25,54,29.5925,94.3276,6.4977,14.7656,muskmelon
83,5,56,25.6437,95.312,6.2452,23.0783,muskmelon
88,31,51,28.9859,92.3866,6.7301,13.6229,muskmelon
89,17,48,27.0529,93.2698,6.7146,26.4591,muskmelon
89,26,55,29.4631,93.9873,6.5398,35.6456,muskmelon
91,14,46,27.6245,92.4976,6.2626,35.4338,muskmelon
91,20,53,27.2874,90.2275,6.1122,22.4078,muskmelon
82,26,51,26.5774,94.4486,6.4182,30.0022,muskmelon
101,5,53,28.0973,96.1335,6.4866,23.0238,muskmelon
96,16,53,29.466,92.0977,6.2857,31.4789,muskmelon
96,22,54,29.0174,94.5514,6.5292,24.1788,muskmelon
93,15,49,28.9321,91.5514,6.521,28.6005,muskmelon
98,8,57,29.6428,93.0883,6.2223,25.2394,muskmelon
82,9,51,26.6462,96.5995,6.7421,18.2019,muskmelon
98,19,45,27.4956,92.1794,6.403,29.1403,muskmelon
95,9,52,29.3004,93.5366,6.7541,29.9545,muskmelon
84,22,54,28.7521,91.6542,6.5552,19.0505,muskmelon
98,28,50,29.1064,93.4652,6.6379,29.4896,muskmelon
99,14,49,29.481,93.2089,6.0511,33.5996,muskmelon
93,7,50,29.3727,91.4077,6.7776,14.4977,muskmelon
100,18,50,27.8966,92.3749,6.2393,20.741,muskmelon
79,14,50,28.7201,94.5243,6.7001,25.2344,muskmelon
93,26,52,29.8962,89.6881,6.0179,26.7832,muskmelon
100,27,52,27.4481,92.4914,6.2225,13.6633,muskmelon
96,8,48,28.9014,91.4429,6.2957,23.4444,muskmelon
93,21,47,27.7681,90.2778,6.2327,24.695,muskmelon
95,17,50,29.2905,93.3366,6.2834,24.5811,muskmelon
97,20,47,26.7949,93.009,6.3522,15.8672,muskmelon
92,20,53,28.445,93.4787,6.527,26.8338,muskmelon
87,16,53,28.3077,93.2497,6.1973,34.6325,muskmelon
84,22,49,28.0434,92.8963,6.8739,30.5291,muskmelon
93,21,55,27.342,90.3135,6.1242,13.5497,muskmelon
97,15,56,27.5433,90.5917,6.4109,30.466,muskmelon
91,16,52,27.9783,94.4283,6.7488,25.9195,muskmelon
99,8,53,28.7362,92.4356,6.5665,36.2056,muskmelon
95,15,46,27.1669,89.8615,6.3547,25.2423,muskmelon
92,22,48,29.0299,92.2243,6.9501,22.3942,muskmelon
83,11,49,28.8817,91.8068,6.2722,22.958,muskmelon
97,11,45,27.1163,91.4115,6.6466,20.211,muskmelon
90,25,50,28.182,92.1776,6.8261,26.1313,muskmelon
82,22,46,28.409,91.2758,6.5013,24.9707,muskmelon
90,19,49,27.9731,95.8888,6.1688,31.3193,muskmelon
94,27,49,28.5174,91.8454,6.4198,21.0186,muskmelon
83,27,48,26.6806,89.7146,6.7156,23.0178,muskmelon
85,26,55,29.5094,91.7543,6.3985,41.8886,muskmelon
80,17,50,29.8863,92.0456,6.3141,20.9456,muskmelon
97,6,48,29.5092,94.7375,6.6396,15.7982,muskmelon
85,19,46,29.457,93.6913,5.9945,33.0019,muskmelon
95,26,42,28.8662,92.1974,6.2362,22.1785,muskmelon
94,27,50,29.16,90.7217,6.3323,18.9846,muskmelon
84,15,53,29.4109,95.4054,6.2172,21.0694,muskmelon
83,13,47,30.2745,96.0838,6.6254,35.8238,muskmelon
94,10,56,29.2513,91.7487,6.2435,18.5101,muskmelon
101,21,48,29.7874,91.092,5.8929,31.0389,muskmelon
91,25,57,29.7197,93.4977,6.8752,25.8338,muskmelon
81,5,54,28.8346,95.4453,6.3194,22.9113,muskmelon
95,14,57,30.3475,89.0695,6.0922,24.2602,muskmelon
80,14,51,29.136,91.2007,6.4947,23.9868,muskmelon
80,12,51,29.1751,89.9508,6.3129,25.7298,muskmelon
93,13,51,28.1413,93.9762,6.3666,39.5387,muskmelon
80,16,54,30.9497,91.8218,6.3657,21.2485,muskmelon
94,14,47,29.5833,92.0191,6.5397,29.0498,muskmelon
96,9,49,29.0506,92.9366,6.8725,23.8683,muskmelon
88,9,49,28.48,94.3556,6.2893,31.1032,muskmelon
93,29,44,29.0621,91.4858,6.655,15.2097,muskmelon
96,21,49,28.1738,94.465,6.8789,26.2357,muskmelon
89,9,52,29.2524,89.3047,6.7788,26.7121,muskmelon
84,23,50,27.7515,93.1417,6.7447,28.6051,muskmelon
85,28,55,28.9056,94.2059,6.001,25.6562,muskmelon
82,10,51,27.2252,92.1748,6.6899,18.0333,muskmelon
93,20,53,29.3544,93.2543,6.296,26.5204,muskmelon
80,27,53,28.3584,94.1227,6.1278,25.1883,muskmelon
92,23,51,29.0584,92.4479,6.0576,29.8833,muskmelon
16,134,199,21.7781,92.2628,6.0738,101.5534,apple
34,130,196,23.9268,92.2226,5.6977,110.8974,apple
12,126,201,21.9764,92.0552,6.3748,107.2735,apple
31,119,203,23.0184,93.2938,6.3299,116.2155,apple
11,139,201,21.7146,94.9488,5.6219,125.6532,apple
2,131,204,20.9373,95.2205,6.2574,129.1491,apple
9,130,192,22.1974,92.7844,6.4661,127.1703,apple
30,126,206,21.3453,95.7108,5.7191,108.5389,apple
8,129,201,22.4096,95.5393,6.555,111.1747,apple
5,135,200,20.6052,93.8466,6.1487,96.4842,apple
5,137,193,21.5443,91.092,6.2162,100.7767,apple
2,121,203,21.6907,93.668,6.3137,142.3993,apple
25,124,198,22.336,93.1958,5.7149,101.7554,apple
27,126,202,22.3364,96.2022,6.0519,115.4452,apple
10,137,196,21.6267,92.4596,6.0131,101.4985,apple
37,147,199,22.8649,91.9698,5.7944,103.7855,apple
5,143,199,21.5991,91.6781,5.8645,120.3488,apple
16,117,200,21.2354,90.3803,5.8446,116.2624,apple
8,134,200,21.6155,90.8439,5.8037,116.5098,apple
32,121,202,21.0714,91.9069,6.3878,108.8743,apple
28,126,202,21.717,88.4778,5.8662,132.132,apple
30,133,203,22.4757,90.5071,6.1367,122.2922,apple
0,135,204,21.7874,90.7578,6.5522,114.0997,apple
27,125,201,22.423,89.6324,6.0059,121.8515,apple
22,134,206,22.4764,93.1645,6.3216,108.026,apple
23,137,199,22.819,90.7208,6.4431,110.1455,apple
17,134,197,23.43,92.9697,6.3619,119.1303,apple
27,135,206,22.0573,90.8416,6.6978,107.8815,apple
5,133,200,23.2943,92.9979,6.3528,117.3666,apple
35,131,194,22.7908,92.9521,5.8316,100.1623,apple
29,125,209,24.0606,91.5928,6.0952,113.2513,apple
42,126,205,24.4393,91.9439,6.1454,106.5187,apple
39,133,196,22.3837,93.0786,5.4823,108.918,apple
23,133,192,21.9639,92.4981,5.8451,125.9029,apple
14,139,201,22.4133,93.1934,6.2921,132.5998,apple
17,135,201,22.4447,90.772,5.6598,116.1334,apple
5,128,204,23.3399,94.7089,5.7188,110.9762,apple
19,135,205,23.7686,93.2331,6.224,113.0298,apple
9,146,203,21.1522,94.1194,6.0614,118.7369,apple
28,144,201,23.7779,88.8609,5.5938,120.9308,apple
25,142,203,23.743,94.0367,6.1913,119.0443,apple
39,145,208,21.8971,92.1258,6.5424,109.262,apple
36,125,205,23.7455,94.1712,6.1581,109.1231,apple
21,128,195,21.8313,92.7552,5.517,107.0911,apple
34,131,194,22.8107,90.4428,5.5908,119.2013,apple
7,136,204,22.5272,94.9703,6.0904,105.0191,apple
36,127,198,22.2796,93.9733,6.4022,101.8295,apple
40,136,204,22.3667,93.2111,6.0628,117.7088,apple
22,124,198,24.2002,94.1566,6.4936,119.5887,apple
29,123,197,22.4542,92.5026,5.7652,115.835,apple
16,133,207,20.9263,92.6155,6.21,114.2558,apple
30,141,197,21.4691,92.8177,6.565,106.7969,apple
13,142,194,21.6658,92.5929,5.5013,108.2341,apple
27,140,203,21.425,96.4502,6.1069,118.8975,apple
36,128,202,23.2095,91.3669,6.483,115.8679,apple
17,119,203,22.396,94.4192,5.5757,100.3058,apple
11,131,193,22.9879,94.6664,6.4496,102.4869,apple
3,126,197,21.683,93.1394,6.1244,104.8879,apple
19,125,197,23.4532,91.2619,6.0937,106.029,apple
31,131,205,23.8053,91.711,5.7589,100.0678,apple
12,122,203,22.0308,94.9454,6.0934,124.3489,apple
35,134,195,22.5511,91.3472,5.7004,99.1051,apple
19,127,204,20.8215,93.4529,6.2495,126.3738,apple
26,128,198,20.5444,94.5302,6.0764,113.1569,apple
26,136,200,21.1465,90.1817,6.4357,100.4769,apple
42,127,198,22.7599,92.7243,5.6714,125.9731,apple
26,124,199,21.8891,94.0712,6.2482,113.8383,apple
39,139,205,21.6915,94.9694,6.41,123.3495,apple
2,131,195,21.6127,94.5251,6.2597,120.1385,apple
10,131,196,23.595,92.9644,5.6434,117.0602,apple
25,142,199,21.6067,94.3915,6.2188,90.3013,apple
11,144,197,22.0748,92.1782,5.6344,113.2112,apple
9,145,202,23.0107,90.1231,5.7738,107.2432,apple
3,126,193,23.7707,91.9564,6.3896,126.2216,apple
5,117,204,22.5104,90.6146,5.582,134.3199,apple
35,139,199,23.9713,90.3193,5.4577,126.5645,apple
22,139,198,21.5336,91.2679,6.3447,117.6825,apple
11,139,205,23.6067,92.6263,5.513,111.459,apple
15,133,203,20.9881,95.1432,5.4389,111.6638,apple
33,138,198,23.7196,94.7909,6.0826,106.0687,apple
2,119,205,23.9921,93.452,5.5725,110.7821,apple
33,124,197,22.8216,91.672,5.9779,112.2388,apple
26,148,200,22.1616,91.6375,6.1681,113.7785,apple
16,144,194,23.3783,92.475,5.843,105.1105,apple
17,142,201,21.91,91.5622,5.7043,125.7926,apple
33,139,199,22.1416,92.4715,6.1551,122.2328,apple
26,142,192,23.5275,92.4918,5.5465,116.0279,apple
11,127,205,23.5386,94.0819,6.0894,121.9471,apple
25,140,195,21.1166,92.3628,6.397,115.0848,apple
38,137,203,22.7133,91.0864,6.5105,119.4604,apple
33,123,204,21.7644,92.41,5.8087,108.5956,apple
19,128,199,22.607,95.3763,5.8556,114.1002,apple
32,139,202,21.8313,91.5876,5.8715,109.9854,apple
5,138,201,22.1377,92.5168,6.5996,123.0118,apple
35,132,201,21.9445,92.1501,5.8436,119.3677,apple
9,132,198,21.805,91.0097,6.3821,127.0452,apple
2,134,200,21.7728,89.8172,6.1773,107.6089,apple
24,128,206,21.1646,93.4732,5.8584,116.4523,apple
13,129,194,21.1611,94.6096,6.2979,109.802,apple
9,138,197,23.0797,94.5811,5.8295,119.6699,apple
10,9,6,23.352,89.8137,6.4378,104.7055,orange
39,20,9,30.2755,93.1812,7.1265,113.6744,orange
27,13,3,18.6303,93.2129,7.6283,108.0859,orange
35,26,13,35.5013,89.8562,7.3243,118.5262,orange
31,8,9,31.6729,91.6377,6.5677,107.7404,orange
35,19,9,26.7578,91.7597,7.809,124.7653,orange
12,25,8,26.0064,90.2833,6.9032,115.5391,orange
24,14,4,22.8443,90.5927,7.3066,103.7843,orange
13,18,12,16.7722,94.7806,7.4986,98.5945,orange
14,24,11,13.062,93.6527,7.6562,114.0911,orange
2,28,8,11.4076,88.8316,6.037,99.5347,orange
9,28,11,12.292,94.4853,7.1203,109.0597,orange
28,7,2,31.1703,92.2893,6.8237,108.4261,orange
15,27,3,15.8308,94.2228,6.4177,116.5166,orange
25,21,9,23.0559,93.2998,7.4002,105.0375,orange
5,29,17,13.0794,92.8268,6.8963,96.1014,orange
11,15,9,28.3197,92.9333,7.3144,110.0146,orange
39,8,12,13.1125,93.0415,7.8461,114.4392,orange
14,7,5,26.0484,92.8144,6.3254,109.6422,orange
5,16,12,30.9232,94.1787,7.0168,112.4758,orange
7,14,9,22.2947,92.9421,7.9423,102.1361,orange
29,6,13,26.8104,95.2777,7.9794,103.8715,orange
18,19,11,11.6586,93.3875,7.0138,112.3783,orange
11,13,12,26.7319,91.9062,6.0173,104.3724,orange
23,20,16,29.5027,93.3667,5.9752,109.9922,orange
1,11,5,19.4139,94.6855,6.3354,105.6941,orange
7,22,11,25.6259,92.8266,6.9474,100.689,orange
32,30,8,31.9009,92.2959,7.9114,109.5842,orange
12,15,13,19.2634,91.3145,7.8537,116.5074,orange
13,22,5,11.2779,95.2839,6.0321,122.0743,orange
16,23,15,19.1806,93.759,6.8128,105.4472,orange
33,21,15,19.2239,92.9462,7.6984,99.1085,orange
27,2,12,24.1026,90.8016,7.4021,115.0149,orange
12,25,10,33.5992,88.7371,7.1838,116.558,orange
15,15,10,20.2907,94.9201,7.8348,111.2372,orange
33,26,8,29.1986,91.938,7.2624,109.5655,orange
11,14,5,20.6157,95.8889,6.5282,111.5512,orange
31,19,12,26.6453,90.6185,6.3484,111.4885,orange
23,7,12,21.5198,91.0997,7.9718,108.0263,orange
11,16,10,34.5502,93.5842,7.5204,125.425,orange
8,15,8,17.7526,91.2331,7.0129,113.5582,orange
41,17,13,18.1006,92.1086,6.9891,114.2592,orange
6,25,15,28.86,92.5216,6.5716,119.5598,orange
12,18,12,11.4398,92.1656,5.8903,104.8886,orange
20,27,6,14.3917,93.3902,7.2719,100.9199,orange
6,15,12,16.0685,89.3352,6.8142,101.0922,orange
20,17,6,22.4617,91.4033,6.996,114.3619,orange
33,21,15,13.292,92.1396,7.8994,109.1575,orange
2,26,13,14.9094,91.3697,7.6203,106.9138,orange
32,21,10,24.8306,90.1046,5.9964,100.3895,orange
9,11,10,20.1581,93.9755,6.7824,101.4088,orange
19,22,12,27.8791,90.0095,6.8117,103.3791,orange
14,17,20,21.2777,92.4809,6.2302,93.3079,orange
10,29,6,22.1585,91.2978,6.0824,106.7699,orange
24,20,13,25.1576,95.9075,6.0835,115.6011,orange
30,9,10,25.6777,94.647,7.7677,115.5493,orange
22,23,7,26.6333,94.937,6.9687,114.5617,orange
27,13,9,32.8492,91.8788,7.2749,96.5341,orange
30,24,5,20.6551,90.5383,7.1996,126.3822,orange
34,14,11,23.7736,91.0588,6.2997,107.8158,orange
26,28,12,15.6665,93.182,6.8295,112.6047,orange
13,21,16,25.0527,92.8141,7.2367,95.4763,orange
7,18,14,18.1634,92.3217,7.9448,115.3298,orange
16,13,11,16.9386,91.2378,6.9975,111.0458,orange
23,25,9,33.0805,92.4951,6.5348,107.7114,orange
7,7,8,20.2232,91.179,6.8183,112.9024,orange
16,25,6,19.6195,91.1745,6.3117,100.9013,orange
4,27,7,34.7403,92.0902,6.9125,125.4387,orange
20,19,12,22.3528,92.6137,7.7346,110.9233,orange
35,12,7,17.0116,92.0512,7.5443,108.0693,orange
12,6,13,25.2636,93.8401,7.0242,111.5192,orange
9,29,4,28.4231,93.1183,6.1727,107.2175,orange
8,13,7,35.1896,92.1264,6.6878,117.3927,orange
31,29,13,14.3795,90.832,6.9564,107.9165,orange
3,21,12,28.2441,93.1661,6.2563,116.6348,orange
7,14,10,11.765,93.0381,6.5417,115.7787,orange
0,21,14,11.5594,90.6082,7.317,117.0699,orange
36,5,11,28.8454,93.8097,7.7924,114.7409,orange
0,8,16,19.3445,94.2153,7.5749,103.2828,orange
18,17,13,11.6179,96.0181,7.4697,107.391,orange
12,6,14,17.3487,94.2578,7.6254,120.8155,orange
18,31,9,32.1609,91.7153,7.1724,98.712,orange
28,5,13,24.7125,94.526,6.3376,118.9441,orange
38,21,4,19.8041,92.9523,7.0934,107.4365,orange
28,17,8,31.7792,92.4548,6.5192,119.0266,orange
26,17,6,10.9038,91.9154,7.9272,110.8867,orange
12,24,8,27.7334,95.3197,6.6893,100.6655,orange
11,17,10,25.7813,93.5371,7.2181,104.9131,orange
38,32,7,17.4917,96.3874,6.8515,111.2842,orange
28,33,11,20.8892,93.4514,7.3527,100.1054,orange
15,5,11,24.3798,92.8186,6.2875,118.7755,orange
35,16,3,15.1124,92.356,7.1556,107.3339,orange
22,26,8,20.7782,92.0403,7.0938,119.9438,orange
24,8,12,14.53,91.3184,6.9103,95.7009,orange
2,20,11,15.7718,93.0241,6.1721,120.4284,orange
2,28,3,13.7857,91.935,7.9648,97.6167,orange
30,26,7,14.8008,93.9097,5.9194,109.1689,orange
16,26,12,18.5948,93.5416,7.6543,113.4908,orange
19,12,9,30.9964,90.8478,7.0595,107.0015,orange
25,16,6,21.7602,95.0744,6.811,104.8577,orange
44,62,50,32.2543,94.5738,7.0875,222.9094,papaya
60,63,46,29.1554,90.4496,6.7036,111.7785,papaya
32,62,51,40.4374,92.7474,6.8246,119.5264,papaya
42,51,54,33.4095,92.4811,6.6169,124.7669,papaya
69,70,49,30.9131,93.7202,6.6319,184.1655,papaya
56,47,54,36.7952,90.8115,6.7055,222.5386,papaya
49,63,48,25.1836,93.3517,6.5696,235.0904,papaya
50,71,48,37.2651,93.5629,6.7355,222.843,papaya
35,54,52,27.9936,92.8609,6.9308,137.2228,papaya
34,50,44,39.6213,90.0078,6.6705,146.0911,papaya
41,48,49,33.6403,95.1525,6.6398,218.2735,papaya
53,68,54,29.1519,93.1251,6.5679,131.4228,papaya
33,56,50,29.9387,94.4881,7.0207,105.8906,papaya
54,66,54,44.4802,92.6288,6.9535,146.8457,papaya
51,59,55,37.1249,93.5473,6.9924,228.079,papaya
31,57,52,33.9888,93.36,7.0014,189.1128,papaya
43,67,52,41.2321,92.1916,6.6838,142.9848,papaya
54,50,52,39.0611,93.1735,7.068,134.935,papaya
42,53,53,28.0494,93.0304,6.6646,212.3549,papaya
55,71,46,35.5537,93.3418,6.4063,99.6378,papaya
50,69,46,33.0809,93.737,6.5542,96.5163,papaya
35,48,53,24.6654,94.66,6.3883,191.8243,papaya
45,50,52,35.4234,92.5718,6.569,191.1006,papaya
50,49,55,25.2183,91.9201,7.0427,108.1076,papaya
65,49,44,37.0011,94.7116,6.8787,250.0424,papaya
40,56,52,27.0138,94.8144,6.4029,176.7182,papaya
46,69,55,38.3347,90.9471,6.6456,134.9045,papaya
33,48,52,31.7831,91.4963,6.5881,107.4591,papaya
38,54,46,28.6241,90.4961,6.6863,225.5854,papaya
54,54,44,31.5703,92.675,6.9242,245.1026,papaya
54,46,50,42.0421,94.2908,6.6399,83.5679,papaya
69,51,53,29.6223,92.7931,6.8746,97.6643,papaya
36,63,46,30.0417,95.0707,7.0481,197.4367,papaya
41,46,46,27.1055,92.7935,7.0063,192.4799,papaya
45,50,50,37.8211,92.6294,6.7577,110.934,papaya
61,50,46,31.1897,93.7392,7.001,177.5922,papaya
40,47,46,39.7219,91.6182,6.789,240.2985,papaya
64,48,49,28.8605,93.2754,6.7214,162.2177,papaya
45,51,51,35.5322,94.6054,6.86,228.8446,papaya
42,53,51,34.8273,95.2937,7.04,124.6474,papaya
29,54,51,41.3208,93.7439,6.5835,174.7581,papaya
27,68,54,27.5975,93.2533,6.6834,209.3302,papaya
34,67,55,31.074,90.0376,6.6047,136.4359,papaya
65,59,55,29.2395,90.6725,6.4121,150.8994,papaya
48,58,46,28.5496,90.371,6.6609,250.1709,papaya
40,46,48,32.0118,89.7582,6.6212,205.8962,papaya
66,60,46,37.4627,92.497,6.4643,130.6983,papaya
57,67,45,26.9109,92.0889,6.6372,156.3083,papaya
56,50,47,29.8432,92.9775,7.1065,186.7821,papaya
48,49,50,33.9644,90.4043,7.0537,194.2934,papaya
44,51,55,24.1511,91.8655,6.4638,86.3014,papaya
54,57,46,42.0943,93.9739,6.9317,221.6612,papaya
61,60,52,31.3406,88.9588,6.6731,213.3626,papaya
48,52,55,35.1461,89.8021,6.8224,166.2078,papaya
56,68,46,25.1914,92.7808,6.9664,223.2826,papaya
40,54,47,29.9651,89.5227,6.7142,212.4436,papaya
58,63,52,35.8334,90.5323,6.7667,196.7937,papaya
33,67,56,30.259,95.7388,6.6848,204.0653,papaya
70,68,51,38.6142,92.3954,6.2943,105.1106,papaya
70,68,47,43.5238,91.5211,6.566,177.1777,papaya
33,56,54,38.0663,90.1786,6.771,132.957,papaya
67,48,49,26.184,92.715,6.832,251.8879,papaya
53,62,52,25.101,91.6458,6.8261,224.8347,papaya
34,56,55,29.5695,92.8684,6.8756,109.4962,papaya
36,73,54,28.3664,93.1633,6.344,141.6218,papaya
35,57,52,23.5391,90.2778,6.883,120.0533,papaya
60,69,50,40.1169,93.6226,6.6417,151.5078,papaya
66,56,54,29.2355,93.7407,6.5186,156.0975,papaya
55,60,51,33.4999,91.6395,6.7946,142.7227,papaya
44,55,52,30.8705,92.1587,6.9239,218.3136,papaya
57,58,53,36.336,91.9583,6.9306,89.1503,papaya
51,52,50,37.7456,91.2931,6.6501,223.239,papaya
66,46,44,33.9631,92.3319,6.8391,124.5375,papaya
58,51,50,24.8787,93.7471,6.7307,204.2466,papaya
33,57,51,37.8501,90.6048,6.873,152.3066,papaya
66,59,56,31.9633,93.1644,6.7336,128.9213,papaya
45,66,50,26.527,92.6751,6.6254,98.0968,papaya
58,60,46,24.7043,92.6691,6.5935,113.2362,papaya
57,70,52,24.0099,91.5705,6.5551,240.4809,papaya
46,61,51,34.966,94.2305,6.6598,167.6542,papaya
46,58,42,39.6105,90.1516,6.9144,142.201,papaya
30,54,46,28.1485,91.5752,6.5941,188.6153,papaya
61,46,56,26.5521,93.5811,6.6545,228.3163,papaya
36,49,47,33.6544,91.8714,6.6547,122.8534,papaya
50,50,52,40.3433,90.4162,6.6246,195.4129,papaya
43,53,52,24.1435,95.4649,6.9242,111.1881,papaya
51,53,49,30.7903,90.5141,6.7604,207.4056,papaya
49,63,49,36.7754,92.2085,6.4875,187.0687,papaya
32,63,51,37.92,90.0272,6.637,95.4802,papaya
56,62,49,38.8531,92.1778,6.6168,117.1553,papaya
42,53,46,28.9692,91.8768,6.7013,249.9691,papaya
36,54,47,29.0874,88.1863,6.8365,131.9525,papaya
45,55,50,23.6825,90.7095,6.8266,229.5636,papaya
45,57,48,36.2809,93.0553,6.7581,182.9174,papaya
54,71,47,32.7374,93.2115,6.7611,219.8315,papaya
61,51,49,34.4284,89.4364,6.711,230.9196,papaya
47,72,53,24.6163,93.7278,7.0265,206.716,papaya
45,48,50,35.6776,91.6116,7.0053,128.5232,papaya
36,47,50,37.8948,91.0959,6.9458,120.7144,papaya
40,49,51,29.1774,91.5713,6.6324,215.95,papaya
30,17,30,28.6495,90.0857,5.9908,187.3927,coconut
23,21,35,29.0777,97.8891,5.6366,145.2662,coconut
5,20,26,27.8062,95.6613,6.6233,206.9577,coconut
32,10,38,27.8134,95.4878,5.4037,158.3694,coconut
35,23,29,29.6977,95.3125,5.6342,139.8859,coconut
4,19,32,27.0506,97.7031,5.5655,151.3613,coconut
33,13,29,24.937,96.2259,6.2699,225.5564,coconut
2,21,36,29.1374,93.4266,6.3678,183.7164,coconut
26,23,34,29.6462,91.1579,6.1604,138.228,coconut
9,19,30,30.8328,93.4423,5.9225,135.8359,coconut
21,20,30,25.4806,92.2834,5.7878,136.0727,coconut
34,23,33,28.9868,90.9604,6.319,162.4575,coconut
18,15,34,26.1959,92.7346,6.3043,197.9996,coconut
22,17,35,26.239,89.5434,6.1234,161.2289,coconut
18,15,34,25.1177,97.8533,6.2394,161.7915,coconut
33,20,32,28.7163,96.62,6.3504,215.4762,coconut
23,27,24,27.9431,97.0564,6.1099,196.4921,coconut
16,20,35,30.4019,97.3615,6.1669,134.8296,coconut
17,26,25,27.6778,95.4296,6.1678,186.9076,coconut
4,12,33,26.3563,96.2665,5.992,181.2428,coconut
11,13,27,28.3525,96.376,5.7481,167.1829,coconut
41,27,38,30.355,95.6204,6.2123,129.6018,coconut
17,22,33,28.5238,97.8067,5.644,229.91,coconut
20,9,30,27.1238,96.4843,5.4856,193.9417,coconut
15,6,27,30.3128,94.4348,6.1827,160.3848,coconut
32,18,32,28.3307,89.954,5.528,172.3188,coconut
3,12,33,28.3756,93.9791,6.2594,188.3817,coconut
5,28,29,26.0867,88.8294,6.2415,200.6592,coconut
16,32,26,29.2711,95.3979,6.3115,135.2648,coconut
36,5,25,29.4856,96.2866,5.9632,210.7135,coconut
15,3,32,29.1807,91.0699,5.8925,187.8469,coconut
28,22,29,30.4184,95.7648,6.0733,176.8981,coconut
21,8,30,27.0091,98.0429,6.0387,173.9165,coconut
8,16,25,26.4124,94.7902,6.0097,144.0807,coconut
21,25,36,28.1109,94.3618,5.5426,197.1841,coconut
14,10,28,29.3595,91.1659,5.8306,179.7312,coconut
12,18,32,29.8906,97.565,6.0096,210.7525,coconut
7,14,25,28.272,91.6155,5.6678,204.608,coconut
37,10,29,28.5994,98.736,6.1932,205.9467,coconut
18,7,33,26.0316,96.9545,5.5897,175.7888,coconut
11,21,29,26.9652,95.077,6.3967,150.7241,coconut
25,19,26,28.0196,94.0274,6.0687,204.9605,coconut
27,24,27,26.6539,90.3057,6.0809,157.7673,coconut
19,11,25,27.0303,92.7312,6.0902,205.4079,coconut
24,8,29,27.0622,94.5745,5.7842,178.7759,coconut
25,16,32,24.8579,91.2955,6.5978,226.3122,coconut
22,18,22,28.2016,91.7697,6.2231,161.7372,coconut
15,21,30,25.2544,95.5719,6.2207,230.6559,coconut
17,12,29,26.6931,94.0789,6.2474,160.9063,coconut
0,11,33,25.3278,93.0216,6.1598,211.0949,coconut
28,13,27,27.0372,97.3927,6.0259,155.8283,coconut
32,13,33,28.1754,96.8087,5.7235,133.0828,coconut
2,22,32,26.4761,96.0591,5.6299,170.2968,coconut
38,17,28,27.1744,95.8422,6.028,218.6824,coconut
17,8,25,27.6314,90.511,6.0092,223.0035,coconut
29,20,31,26.5532,95.7758,5.6095,163.8992,coconut
2,17,27,24.6336,90.331,6.3223,141.3819,coconut
23,28,25,29.1437,97.5635,5.6342,139.6865,coconut
5,26,35,27.3653,96.0778,5.397,178.7895,coconut
30,12,33,25.5723,93.8697,6.095,201.5012,coconut
24,12,27,26.5089,92.4791,6.0072,179.5641,coconut
30,33,32,28.0481,90.24,6.4101,230.8068,coconut
25,22,35,29.1774,90.569,5.8644,223.4687,coconut
36,23,30,28.0501,93.1209,5.8462,163.9782,coconut
7,27,29,28.2614,91.4231,6.4118,179.7112,coconut
37,31,28,27.8846,92.9087,5.6325,142.4494,coconut
2,19,33,26.1637,94.826,5.711,139.7533,coconut
5,28,24,26.9499,92.5774,6.0124,153.1201,coconut
21,25,32,27.5157,91.1616,5.8625,162.8031,coconut
37,26,31,29.2693,94.0147,6.1358,225.2621,coconut
8,17,26,25.9754,93.7556,6.5832,164.7663,coconut
29,25,35,26.7872,91.8441,5.9362,220.4676,coconut
11,21,34,27.5402,91.1339,5.8411,188.5492,coconut
26,22,34,27.2461,94.0671,6.456,157.9645,coconut
20,27,31,28.3726,99.2659,5.5444,197.2823,coconut
5,19,24,28.9278,96.8886,6.3995,138.3837,coconut
6,17,31,27.8816,96.4933,6.2727,205.627,coconut
17,32,30,26.5021,91.2822,6.6146,178.1709,coconut
30,10,26,26.1706,93.9061,5.867,188.2668,coconut
13,20,37,28.6951,94.2821,6.3952,161.254,coconut
27,24,32,26.8951,90.5583,5.7253,158.5834,coconut
30,8,27,25.9956,92.3558,6.3031,206.1997,coconut
14,28,29,27.5392,93.9963,5.4338,150.2276,coconut
13,17,25,25.3426,92.2586,5.8148,168.2696,coconut
25,16,29,25.3322,91.8748,5.6255,232.7858,coconut
43,25,33,26.5608,89.3106,6.2247,223.5503,coconut
30,15,35,26.9455,94.3599,6.3747,146.1465,coconut
12,24,28,26.3066,94.9471,5.6131,159.1889,coconut
31,9,30,25.9781,94.6283,5.9039,208.3162,coconut
39,27,29,25.1822,94.7924,6.4412,220.1017,coconut
34,5,28,25.8129,98.3844,5.9799,133.5487,coconut
4,5,30,28.7288,90.1971,5.667,207.2783,coconut
4,23,31,28.8152,91.9347,5.7996,214.5067,coconut
28,6,25,26.0312,100.0,6.4144,135.6003,coconut
31,18,32,26.1528,94.0524,6.3895,215.4451,coconut
24,23,30,26.1092,97.239,5.7363,147.1569,coconut
20,15,28,28.3278,92.2762,6.3248,188.7453,coconut
31,18,24,28.5669,90.6012,6.4239,132.2286,coconut
19,13,31,24.8562,93.9716,5.7778,214.6431,coconut
8,25,34,25.851,95.4266,6.3441,225.7067,coconut
101,43,19,22.4773,74.5971,6.1935,84.7596,cotton
111,53,17,25.3597,83.5379,7.4637,74.3431,cotton
140,56,26,23.5758,83.7033,7.8122,71.1281,cotton
109,56,14,25.2418,82.6892,6.9487,69.76,cotton
132,53,21,22.9164,84.9786,8.0739,75.2845,cotton
132,41,19,23.9193,78.4762,6.0163,75.6627,cotton
128,55,22,25.0279,84.0678,7.4702,94.9007,cotton
127,54,16,23.8584,82.2766,6.739,60.7152,cotton
140,54,24,21.9912,83.0849,6.9514,89.129,cotton
125,44,20,25.013,80.579,7.6823,78.8314,cotton
123,46,16,23.0248,77.1445,6.6411,92.3401,cotton
104,37,20,23.896,79.4065,7.4672,61.6624,cotton
109,58,23,25.6367,80.0589,7.5345,69.2912,cotton
137,45,16,24.0632,81.9387,6.0315,84.4537,cotton
127,56,19,21.6224,79.6778,7.7124,83.129,cotton
128,43,21,23.9894,81.7116,7.2236,98.4871,cotton
110,50,22,24.1714,79.7109,7.9677,79.9693,cotton
134,57,18,24.9538,80.0639,6.6991,84.0534,cotton
111,59,18,25.8659,83.4405,7.8934,84.7541,cotton
120,45,18,25.3963,85.2512,5.8921,66.9771,cotton
103,52,23,24.4851,85.4652,7.4051,82.6126,cotton
139,48,18,22.4422,78.8271,7.2203,93.4461,cotton
123,37,17,24.4221,81.1279,7.334,68.6363,cotton
129,60,21,23.9626,80.6536,7.563,68.7849,cotton
103,36,12,24.5371,79.6074,6.9927,95.7168,cotton
122,43,20,22.8121,74.7012,7.0028,82.2706,cotton
117,45,19,23.5058,83.1854,6.0919,95.1874,cotton
114,56,19,23.8091,84.362,6.0027,96.5231,cotton
128,56,18,23.6374,79.2737,5.9856,81.9685,cotton
130,54,17,24.458,82.7015,6.0036,64.3702,cotton
131,53,29,25.073,76.0034,6.4065,70.504,cotton
135,53,18,22.1357,81.8215,7.6991,83.8406,cotton
139,49,26,23.4213,76.0056,6.1849,92.4056,cotton
124,37,20,24.706,85.5894,7.6184,69.148,cotton
107,43,15,21.6273,76.5279,6.964,78.417,cotton
138,38,16,23.3082,76.0231,6.4851,84.7402,cotton
115,47,21,22.1089,86.2759,6.7355,73.526,cotton
108,37,19,24.4234,86.4131,7.3655,70.6245,cotton
120,52,19,23.8416,85.2674,7.3555,75.4077,cotton
104,55,17,25.455,81.1262,7.251,72.9433,cotton
124,54,16,23.8328,83.5692,6.0612,61.4884,cotton
104,56,14,25.0809,73.7617,7.5253,92.6988,cotton
113,42,18,24.4537,76.5356,7.3123,92.0206,cotton
138,43,25,22.9675,82.4292,7.0626,61.4319,cotton
132,37,18,23.5056,85.2669,6.6671,81.6329,cotton
125,45,22,24.0437,79.2959,6.4164,102.5505,cotton
134,53,17,23.3482,81.9178,5.764,100.3436,cotton
103,48,23,22.2232,77.0106,5.7623,67.0712,cotton
127,57,21,23.361,79.424,6.3262,101.7325,cotton
135,52,20,24.4139,83.7462,6.7904,79.9306,cotton
139,58,18,25.6659,76.1528,7.7363,58.2504,cotton
138,50,22,24.5721,83.3462,7.379,75.3517,cotton
140,35,20,23.3092,75.5184,7.8335,71.0311,cotton
103,38,15,24.2756,77.8301,7.1216,74.4847,cotton
133,52,23,21.8979,75.7428,7.4218,71.5722,cotton
127,43,22,22.6717,81.5572,7.3566,93.8343,cotton
118,59,18,24.468,82.9243,7.8022,103.6105,cotton
104,53,15,25.5225,75.0346,7.6978,61.7504,cotton
103,45,21,25.9634,83.4919,7.849,57.1737,cotton
121,49,19,25.4838,80.5801,7.5762,75.9008,cotton
105,45,20,23.6159,76.4797,8.0358,75.191,cotton
140,38,21,22.8543,81.1511,6.6703,76.2439,cotton
127,43,21,23.9975,76.8523,7.1299,74.3768,cotton
100,44,24,24.5156,84.2821,7.1132,95.3005,cotton
126,51,19,25.5303,77.9513,7.6556,77.8267,cotton
139,47,21,22.2963,81.3727,7.5577,66.455,cotton
121,36,17,21.8004,80.9785,7.0396,70.0563,cotton
125,39,18,25.1229,79.6388,6.0549,60.7424,cotton
100,43,24,24.1588,83.9828,8.0073,82.0006,cotton
136,50,15,25.9921,83.1529,6.9149,93.6247,cotton
125,37,17,23.4401,79.8111,6.3969,68.4051,cotton
111,58,19,24.2455,79.7709,6.1331,93.7023,cotton
113,49,16,25.4524,77.8418,7.0124,86.3717,cotton
101,32,23,24.5747,81.5234,6.825,100.5688,cotton
119,42,26,26.4447,77.4126,7.7199,93.6397,cotton
111,45,21,26.4949,82.97,5.689,56.5589,cotton
114,49,21,24.0434,83.129,7.6691,79.6405,cotton
123,42,16,24.0255,77.1764,7.419,84.5128,cotton
135,42,22,21.747,76.731,7.4416,73.0811,cotton
138,44,17,24.9809,77.2741,7.7737,78.7171,cotton
122,57,18,22.7254,75.4702,6.8164,103.2368,cotton
140,45,16,24.5201,84.5967,7.3336,95.1905,cotton
132,46,18,24.3341,81.9887,5.9018,95.0009,cotton
139,47,15,24.4707,77.9223,7.6165,67.4261,cotton
105,51,20,24.1841,80.7439,6.1324,77.6212,cotton
109,54,20,26.0842,81.513,8.0085,96.3315,cotton
109,47,22,22.4104,78.5175,7.844,86.0735,cotton
106,37,23,23.6551,74.9525,6.7869,74.7801,cotton
123,46,22,24.8859,81.2817,5.7881,94.3976,cotton
131,60,21,23.3281,75.0031,6.4316,79.6061,cotton
122,63,23,24.4229,78.1771,7.7074,86.0544,cotton
101,37,23,25.6555,77.6913,6.3431,88.2273,cotton
138,46,21,25.6629,82.3585,7.1732,80.8684,cotton
141,55,23,22.8737,76.6541,6.8767,81.3402,cotton
116,43,21,22.7226,75.9172,6.6129,69.0786,cotton
126,57,19,22.1981,78.4786,6.6555,89.1203,cotton
115,59,15,22.2519,80.0469,7.4787,84.2055,cotton
102,37,20,22.7825,79.2764,6.2101,91.2279,cotton
104,58,22,21.7341,83.2928,7.878,70.34,cotton
135,43,18,23.1249,81.3385,6.0528,79.189,cotton
60,48,36,23.4309,76.0578,6.8672,149.2226,jute
92,42,46,24.3987,87.5322,6.4587,160.1704,jute
98,49,34,25.281,78.3464,6.0925,165.6625,jute
93,57,45,24.6009,89.1615,6.682,160.1409,jute
89,39,46,25.0635,72.0819,6.0574,183.7786,jute
63,60,36,25.8223,81.721,6.0123,155.8758,jute
73,45,39,25.5478,79.8554,6.8422,168.1668,jute
97,48,40,23.9421,87.5231,6.5491,187.0308,jute
67,43,40,24.817,80.5885,6.8263,174.4056,jute
62,43,40,23.6968,83.089,6.8071,198.787,jute
78,46,39,25.3781,79.8462,6.5095,156.0184,jute
60,35,39,23.2129,86.9888,6.9221,176.445,jute
78,60,45,24.6067,82.6971,6.1911,149.3585,jute
68,57,41,24.553,70.0711,6.4962,154.6163,jute
61,50,44,26.7777,84.3255,6.1323,156.0733,jute
92,40,47,24.8454,83.8621,6.1775,156.1902,jute
79,57,41,24.6696,81.595,6.8473,188.4132,jute
64,40,41,25.2463,74.4699,6.527,159.8071,jute
98,52,43,24.5706,83.1878,6.6216,187.3989,jute
84,57,46,23.152,76.114,6.0162,177.5807,jute
61,56,36,26.154,72.3644,6.2162,186.8758,jute
84,44,38,23.5247,86.0209,6.6799,176.7756,jute
89,46,46,23.7882,80.0319,6.2175,151.4403,jute
86,40,37,25.1998,88.3161,6.1968,181.8728,jute
78,47,38,26.0242,86.349,6.3102,187.157,jute
83,46,33,23.3056,71.7724,6.0492,201.9433,jute
96,53,35,23.6953,78.8047,6.3951,192.116,jute
65,36,39,23.8393,77.4551,6.354,157.5969,jute
70,55,45,24.1861,89.8175,6.0784,160.4711,jute
70,48,43,25.2508,80.5402,6.5203,173.5695,jute
59,44,38,24.0603,83.7205,6.5006,196.0275,jute
74,51,42,23.5862,80.7948,6.4541,151.7654,jute
96,45,44,24.5999,76.7069,6.7259,197.4602,jute
69,53,42,22.4707,75.5121,6.4477,168.4504,jute
89,40,36,23.7837,72.795,6.2332,175.3544,jute
74,34,42,26.0855,83.1162,5.9087,190.8362,jute
69,53,37,23.7327,85.932,6.5455,181.0699,jute
81,38,39,23.7812,78.366,7.0133,188.7785,jute
72,50,44,25.1441,73.5391,6.2422,159.5245,jute
97,53,44,22.5439,76.8916,6.1058,174.2423,jute
75,53,41,23.9709,85.9625,6.6962,199.9184,jute
77,36,37,26.0801,75.7123,6.4418,190.599,jute
75,54,42,24.9255,71.8568,6.3442,162.4232,jute
85,57,42,23.8422,82.2813,6.461,170.8852,jute
93,52,41,23.7349,86.7547,6.1325,151.5025,jute
88,52,44,25.7001,81.7661,6.2896,197.313,jute
76,57,45,27.1403,85.6262,6.5736,195.7676,jute
96,59,38,23.7885,69.9982,6.5104,188.9889,jute
87,56,41,24.0185,73.4937,5.7429,191.837,jute
68,40,40,23.0674,74.0253,6.7435,171.35,jute
59,58,37,26.3974,70.6361,6.8692,174.1348,jute
87,41,36,25.4615,80.4978,6.0296,154.1466,jute
84,45,40,23.6934,81.4224,6.2305,187.1224,jute
90,40,44,25.455,79.5575,6.0557,177.9547,jute
81,33,46,26.22,83.2942,6.1023,156.5809,jute
94,44,37,22.5673,88.8985,6.5511,177.7178,jute
59,34,36,25.5106,80.1268,6.5072,188.6473,jute
61,59,35,23.9363,89.0582,6.9516,183.9702,jute
93,49,43,24.303,81.1033,7.0698,164.121,jute
95,41,44,24.0399,87.3162,6.7343,156.1084,jute
83,41,36,26.2979,79.2417,6.8084,184.6296,jute
68,45,43,24.3047,83.1056,5.9707,192.8651,jute
88,54,40,25.7935,74.0815,6.6641,158.6638,jute
80,53,42,24.3987,74.0044,6.8332,186.9811,jute
103,52,45,24.4503,70.2575,6.5415,171.2274,jute
92,36,42,26.8167,71.7877,6.2761,158.9337,jute
80,47,35,25.3149,79.3973,6.5899,183.8578,jute
96,44,40,26.6614,73.7418,6.6058,153.9001,jute
76,56,42,26.4651,86.1826,6.123,192.3391,jute
69,60,45,26.6218,86.5436,6.7407,182.4815,jute
81,48,39,25.8372,84.507,6.682,182.9343,jute
66,47,38,23.9368,76.3614,6.0875,156.3169,jute
84,57,43,23.5773,73.3351,6.0987,208.0599,jute
81,42,39,26.5286,76.4312,6.5894,198.7444,jute
94,46,37,25.649,77.4738,6.0527,164.0446,jute
59,49,40,24.6721,86.6695,6.0208,194.9442,jute
67,36,39,23.3017,83.8277,6.8413,179.5986,jute
80,40,45,26.28,77.6133,6.2343,187.7558,jute
86,55,39,26.7715,78.5915,6.0706,164.1251,jute
67,51,45,26.1916,78.8562,6.7165,194.405,jute
86,52,43,26.0139,70.97,6.5881,192.2839,jute
86,37,42,26.6435,87.0448,6.6489,167.5271,jute
83,47,40,27.5856,79.8118,6.5373,172.7729,jute
88,44,38,22.3799,83.3506,6.4753,155.8158,jute
75,54,42,22.7775,81.8409,6.7759,178.0831,jute
74,52,37,24.2179,82.2833,6.8737,178.6722,jute
98,52,39,24.6559,79.53,6.0713,200.9747,jute
72,57,36,24.1833,78.0502,6.5394,193.9481,jute
83,43,44,23.3968,81.3807,6.5703,153.1561,jute
62,38,40,25.1596,90.5201,6.15,160.9217,jute
96,40,34,23.8711,71.3783,6.7774,165.4734,jute
82,36,43,22.637,87.2074,6.5627,153.6966,jute
66,55,46,26.7819,71.5211,6.6443,147.8191,jute
96,46,45,26.0246,85.3557,6.6843,155.7415,jute
64,40,37,25.5919,91.5206,6.2363,167.8053,jute
72,37,44,25.8848,71.0573,6.7432,175.0649,jute
64,47,36,27.5505,80.9142,6.701,161.725,jute
64,49,42,23.5981,74.3828,6.7735,194.0739,jute
73,54,36,27.0332,73.5771,6.1608,175.8237,jute
76,43,36,25.0723,79.919,6.8095,161.5007,jute
114,21,24,24.5641,54.0535,7.0021,156.9045,coffee
110,19,27,25.1003,51.3582,7.0535,185.6192,coffee
108,37,26,27.4771,63.9667,6.2474,134.4041,coffee
86,44,29,23.8127,50.9797,6.3803,197.962,coffee
119,15,32,26.3765,53.0815,6.5888,158.9787,coffee
117,39,28,25.3467,60.4805,7.0703,173.9988,coffee
81,26,31,27.5787,53.614,7.1912,164.6763,coffee
118,34,26,22.9798,64.5361,6.7983,151.2024,coffee
114,18,30,24.3407,52.6592,7.378,172.1555,coffee
112,35,24,23.6576,64.3474,6.5999,163.8262,coffee
93,17,22,24.7348,59.7482,7.5504,179.3113,coffee
109,17,37,27.9206,62.7869,7.0421,190.3617,coffee
102,36,26,25.8606,64.3795,7.468,191.0496,coffee
102,40,26,26.1142,52.6854,6.3462,142.4777,coffee
98,38,30,22.4545,49.593,6.2599,162.9046,coffee
84,26,27,27.8202,62.3226,6.9122,168.7947,coffee
90,16,30,26.3757,52.0441,6.8565,197.4444,coffee
108,28,35,24.7501,63.3124,7.2364,161.2202,coffee
102,20,25,24.9242,60.5981,6.7629,175.8215,coffee
89,30,32,27.8993,59.5997,6.9618,198.0464,coffee
112,16,30,23.6595,65.3378,6.6663,181.0224,coffee
103,20,34,25.634,53.0103,6.0566,173.9459,coffee
108,37,34,27.723,67.5154,6.2839,140.3918,coffee
85,38,28,26.0811,53.917,6.8186,157.8551,coffee
91,31,32,28.1131,52.9134,7.2643,156.4147,coffee
91,28,24,25.4106,63.1755,7.1459,174.2906,coffee
112,38,29,24.3299,57.7202,6.4869,180.2283,coffee
83,20,34,26.7849,67.1329,6.2245,142.9464,coffee
103,24,31,23.7568,64.7778,5.8553,176.7871,coffee
90,18,30,24.2409,63.367,7.0757,190.1458,coffee
95,16,28,27.0462,50.6091,7.3972,152.5289,coffee
89,24,34,24.1023,57.2779,7.6568,158.8728,coffee
79,24,27,23.9567,62.5831,6.3786,171.6632,coffee
106,39,28,25.4407,62.7621,6.073,182.7897,coffee
79,34,27,25.6851,54.2573,6.7474,159.9272,coffee
95,36,31,25.9961,64.5505,7.3752,178.6126,coffee
107,31,26,25.4234,61.3737,6.4577,186.5891,coffee
113,22,26,27.0007,66.1008,6.1775,161.9974,coffee
107,26,27,26.3719,56.8536,6.9843,155.1168,coffee
89,33,27,24.2171,63.242,7.526,147.1742,coffee
87,25,30,26.823,54.5697,6.9257,188.5297,coffee
111,35,31,24.7699,62.027,7.0298,184.2755,coffee
114,24,36,22.0668,62.2908,6.9657,165.1978,coffee
114,20,31,24.6752,65.2329,6.7281,153.4708,coffee
108,23,31,27.6678,58.315,6.6493,152.0777,coffee
116,18,25,24.5041,58.5139,6.9741,148.182,coffee
101,39,27,27.3939,57.4777,6.4881,183.3999,coffee
104,32,34,24.7644,64.3735,7.2239,160.5729,coffee
116,34,33,26.6612,66.384,6.3316,150.4482,coffee
79,24,31,23.4337,62.0288,6.3735,152.1738,coffee
80,33,31,27.4658,60.644,7.5534,193.5012,coffee
87,28,36,26.1419,63.636,5.9316,182.1186,coffee
102,30,33,24.822,58.5364,7.3324,165.1007,coffee
88,39,34,27.1128,58.0588,6.7763,173.246,coffee
100,34,31,23.9635,63.5122,6.8402,198.6483,coffee
85,21,27,25.4261,57.4638,6.102,194.442,coffee
100,28,32,22.7891,67.021,7.1414,210.6641,coffee
102,17,29,27.5746,64.9005,6.8571,182.9142,coffee
84,26,30,27.0139,53.0225,6.5172,181.3432,coffee
121,21,32,25.9136,66.1892,6.2156,148.7596,coffee
114,24,32,24.6234,65.0427,7.1643,154.1921,coffee
89,36,33,27.0287,55.7535,6.1691,151.7501,coffee
96,21,30,25.3318,53.1082,6.6683,160.3862,coffee
87,17,27,24.1916,57.1457,6.6119,182.8814,coffee
82,24,32,26.4477,57.8731,6.0539,173.1258,coffee
82,24,31,28.2275,56.2345,6.8927,179.2534,coffee
113,23,24,27.3239,65.3093,6.5574,158.4676,coffee
102,21,28,23.577,58.138,7.0069,142.696,coffee
117,25,34,23.9801,56.6145,6.8767,174.9242,coffee
89,24,35,25.8505,54.7465,6.531,163.8702,coffee
83,25,23,27.3673,64.2064,6.6507,161.1507,coffee
86,39,27,25.0295,54.5165,6.37,139.6916,coffee
87,31,32,26.2555,50.1512,6.5143,143.6615,coffee
101,15,36,24.8568,56.7207,6.7416,154.0063,coffee
88,31,27,26.9009,63.6732,6.2469,150.0584,coffee
118,30,34,27.8901,59.3945,6.0284,177.9453,coffee
107,39,36,27.0874,56.0088,6.3166,191.6085,coffee
107,20,24,27.3633,61.5963,6.6842,140.1284,coffee
84,16,36,27.0674,58.8545,7.1978,181.5927,coffee
116,32,33,23.7894,62.4444,7.0038,167.1936,coffee
104,31,24,24.9903,67.786,6.4045,151.2197,coffee
83,28,34,25.8983,62.5912,6.106,143.2427,coffee
110,31,34,26.7728,59.4083,6.6034,157.6707,coffee
91,18,29,27.2504,50.8102,6.9359,181.3064,coffee
108,34,29,27.6123,65.9186,7.4772,163.3444,coffee
103,38,33,25.1087,54.7151,7.0016,156.1135,coffee
109,38,29,23.8843,56.421,6.8418,165.5905,coffee
114,40,26,26.792,54.7956,7.4382,146.9175,coffee
89,35,30,25.2875,62.9425,6.2141,162.3043,coffee
79,32,30,25.0777,57.784,6.5411,164.2443,coffee
94,15,29,24.8763,57.464,7.1428,184.7706,coffee
85,31,26,27.0308,61.8212,7.1373,163.1097,coffee
105,23,33,26.7858,52.0303,6.7318,183.2753,coffee
98,20,34,24.6097,61.0811,7.0637,173.5625,coffee
82,36,29,26.433,63.2124,7.4147,161.3104,coffee
93,20,34,25.8044,65.5977,6.2985,190.4104,coffee
113,16,30,25.6154,61.9796,6.2058,179.7368,coffee
84,26,31,24.2845,69.496,7.0278,159.3575,coffee
102,23,29,27.9984,66.0739,6.9713,189.2906,coffee
113,34,33,27.366,56.285,7.1633,147.5342,coffee
